Team Toccata;;
PB-01998;;
V3.1.17 ;;
DateTime;AlarmNumber;
2019-01-17 08:55:09;66;
2019-01-17 09:02:50;33;
2019-01-17 10:51:24;17;
2019-01-17 10:52:24;17;
2019-01-17 10:52:35;66;
2019-01-17 10:52:55;33;
2019-01-17 11:30:03;306;
2019-01-17 11:43:04;66;
2019-01-18 02:16:03;29;
2019-01-18 02:36:52;19;
2019-01-18 03:16:07;66;
2019-01-18 03:38:12;2182;
2019-01-18 03:38:12;2116;
2019-01-18 03:38:18;25;
2019-01-18 03:39:30;2117;
2019-01-18 03:39:30;2183;
2019-01-18 03:42:30;1117;
2019-01-18 03:42:30;1183;
2019-01-18 03:44:14;25;
2019-01-18 03:47:32;25;
2019-01-18 03:51:07;2182;
2019-01-18 03:51:23;1116;
2019-01-18 03:52:18;1117;
2019-01-18 03:52:18;1183;
2019-01-18 03:52:18;2117;
2019-01-18 03:52:18;2183;
2019-01-18 03:56:53;2182;
2019-01-18 03:56:54;2116;
2019-01-18 03:56:57;25;
2019-01-18 03:56:58;1116;
2019-01-18 03:56:58;77;
2019-01-18 03:56:58;1182;
2019-01-18 03:58:02;1117;
2019-01-18 03:58:02;1183;
2019-01-18 03:58:02;2117;
2019-01-18 03:58:02;2183;
2019-01-18 04:00:45;25;
2019-01-18 04:07:08;1117;
2019-01-18 04:07:08;1183;
2019-01-18 04:07:08;2183;
2019-01-18 04:07:08;2117;
2019-01-18 04:14:08;2182;
2019-01-18 04:14:08;2116;
2019-01-18 04:14:23;1182;
2019-01-18 04:14:23;77;
2019-01-18 04:14:23;1116;
2019-01-18 04:16:57;1117;
2019-01-18 04:16:57;1183;
2019-01-18 04:16:57;2117;
2019-01-18 04:16:57;2183;
2019-01-18 04:37:44;58;
2019-01-18 04:37:44;59;
2019-01-18 04:37:46;97;
2019-01-18 04:37:49;10;
2019-01-18 04:38:09;17;
2019-01-18 04:38:09;19;
2019-01-18 04:38:09;23;
2019-01-18 04:38:09;25;
2019-01-18 04:38:09;35;
2019-01-18 04:38:14;308;
2019-01-18 04:38:14;310;
2019-01-18 04:38:14;3;
2019-01-18 04:38:33;29;
2019-01-18 04:43:07;58;
2019-01-18 04:43:07;59;
2019-01-18 04:43:09;97;
2019-01-18 04:43:12;10;
2019-01-18 04:43:32;17;
2019-01-18 04:43:32;19;
2019-01-18 04:43:32;23;
2019-01-18 04:43:32;25;
2019-01-18 04:43:32;29;
2019-01-18 04:43:32;35;
2019-01-18 04:43:37;308;
2019-01-18 04:43:37;310;
2019-01-18 04:43:37;3;
2019-01-18 06:53:29;33;
2019-01-18 07:13:07;48;
2019-01-18 07:13:09;98;
2019-01-18 08:28:21;66;
2019-01-18 09:16:14;13;
2019-01-18 09:28:09;13;
2019-01-18 09:57:15;3;
2019-01-18 09:59:26;96;
2019-01-18 11:06:29;1100;
2019-01-18 11:06:29;2100;
2019-01-18 11:08:15;35;
2019-01-18 11:09:04;17;
2019-01-18 11:09:54;29;
2019-01-18 11:10:33;23;
2019-01-18 11:11:09;19;
2019-01-18 12:09:53;1117;
2019-01-18 12:09:54;1183;
2019-01-18 12:20:19;2183;
2019-01-18 12:20:20;2117;
2019-01-18 12:47:10;66;
2019-01-18 12:48:29;66;
2019-01-18 12:50:07;66;
2019-01-18 12:54:26;66;
2019-01-18 15:54:46;25;
2019-01-18 15:54:48;1170;
2019-01-18 15:54:48;2170;
2019-01-18 15:54:48;77;
2019-01-18 16:01:04;25;
2019-01-18 16:01:06;1170;
2019-01-18 16:01:06;2170;
2019-01-18 16:01:06;77;
2019-01-18 16:07:34;66;
2019-01-18 16:09:24;25;
2019-01-18 16:09:27;1170;
2019-01-18 16:09:27;2170;
2019-01-18 16:09:27;77;
2019-01-18 16:12:22;66;
2019-01-18 16:20:27;66;
2019-01-18 16:30:35;25;
2019-01-18 16:32:05;66;
2019-01-18 16:35:02;19;
2019-01-18 16:35:02;25;
2019-01-18 16:35:05;1170;
2019-01-18 16:35:05;2170;
2019-01-18 16:35:05;77;
2019-01-18 16:37:56;66;
2019-01-18 16:48:44;66;
2019-01-18 17:11:21;66;
2019-01-18 17:50:08;66;
2019-01-19 00:06:50;66;
2019-01-19 00:38:26;66;
2019-01-19 00:40:33;66;
2019-01-19 00:43:05;66;
2019-01-19 00:44:27;66;
2019-01-19 01:29:56;1122;
2019-01-19 01:29:56;1126;
2019-01-19 01:29:56;1137;
2019-01-19 01:29:56;1187;
2019-01-19 01:29:57;1138;
2019-01-19 01:30:00;1109;
2019-01-19 01:30:00;1113;
2019-01-19 01:30:00;1128;
2019-01-19 01:30:00;1129;
2019-01-19 01:30:00;1181;
2019-01-19 01:30:15;1151;
2019-01-19 01:30:20;1170;
2019-01-19 01:30:20;1171;
2019-01-19 01:33:49;1160;
2019-01-19 01:33:54;1130;
2019-01-19 01:33:55;1161;
2019-01-19 01:33:57;1131;
2019-01-19 01:34:26;1161;
2019-01-19 01:59:39;1161;
2019-01-19 01:59:46;1161;
2019-01-19 01:59:55;33;
2019-01-19 01:59:55;1161;
2019-01-19 05:06:48;1160;
2019-01-19 05:06:53;1130;
2019-01-19 05:06:56;1131;
2019-01-19 05:28:54;1161;
2019-01-19 05:29:04;1161;
2019-01-19 05:29:10;1161;
2019-01-19 05:29:41;1161;
2019-01-19 05:30:06;1161;
2019-01-19 05:30:12;1161;
2019-01-19 05:31:08;1161;
2019-01-19 05:31:49;33;
2019-01-19 05:31:55;1161;
2019-01-19 05:32:01;1161;
2019-01-19 05:32:58;1161;
2019-01-19 05:33:04;1161;
2019-01-19 08:35:16;1161;
2019-01-19 08:36:28;1161;
2019-01-19 08:37:43;66;
2019-01-19 08:38:33;1161;
2019-01-19 08:39:47;1160;
2019-01-19 08:39:51;1161;
2019-01-19 08:39:52;1130;
2019-01-19 08:39:56;1131;
2019-01-19 08:40:06;1161;
2019-01-19 08:41:02;33;
2019-01-19 08:42:19;66;
2019-01-19 09:30:20;1161;
2019-01-19 09:32:03;1161;
2019-01-19 09:32:19;1161;
2019-01-19 09:32:34;1161;
2019-01-19 09:32:50;1161;
2019-01-19 09:33:52;1161;
2019-01-19 09:34:08;1161;
2019-01-19 09:34:45;1161;
2019-01-19 09:34:55;1161;
2019-01-19 09:35:10;1161;
2019-01-19 09:35:57;1161;
2019-01-19 09:36:28;1161;
2019-01-19 09:36:44;1161;
2019-01-19 09:36:59;1161;
2019-01-19 09:37:15;1161;
2019-01-19 09:37:37;1161;
2019-01-19 09:38:08;1161;
2019-01-19 09:38:33;1161;
2019-01-19 09:38:49;1161;
2019-01-19 09:39:04;1161;
2019-01-19 09:39:35;1161;
2019-01-19 09:39:57;1161;
2019-01-19 09:40:28;1161;
2019-01-19 09:41:00;1161;
2019-01-19 09:41:40;1161;
2019-01-19 09:41:52;40;
2019-01-19 09:42:18;1161;
2019-01-19 09:42:40;13;
2019-01-19 09:43:51;1161;
2019-01-19 09:44:22;1161;
2019-01-19 09:44:25;66;
2019-01-19 09:45:03;1161;
2019-01-19 09:45:34;1161;
2019-01-19 09:46:14;33;
2019-01-19 09:47:07;66;
2019-01-19 09:58:14;66;
2019-01-19 16:31:11;14;
2019-01-19 17:49:31;13;
2019-01-19 21:54:25;1140;
2019-01-19 21:54:25;2140;
2019-01-20 05:31:23;33;
2019-01-20 06:52:36;66;
2019-01-21 09:50:44;13;
2019-01-23 10:21:17;13;
2019-01-23 10:23:28;33;
2019-01-23 11:54:43;66;
2019-01-24 05:28:53;2154;
2019-01-24 05:28:57;1154;
2019-01-24 10:08:21;13;
2019-01-24 16:14:33;13;
2019-01-24 21:59:08;66;
2019-01-24 22:05:35;33;
2019-01-24 22:49:21;1154;
2019-01-24 22:55:45;1154;
2019-01-24 23:01:04;1154;
2019-01-24 23:48:38;14;
2019-01-24 23:57:43;1154;
2019-01-24 23:57:44;2154;
2019-01-25 00:41:09;13;
2019-01-25 01:36:30;1154;
2019-01-25 01:39:39;14;
2019-01-25 01:50:28;14;
2019-01-25 01:51:33;33;
2019-01-25 02:06:07;1154;
2019-01-25 02:09:01;14;
2019-01-25 02:11:56;33;
2019-01-25 03:56:27;66;
2019-01-25 04:07:57;1154;
2019-01-25 04:10:55;14;
2019-01-25 04:19:25;1154;
2019-01-25 04:22:33;14;
2019-01-25 04:27:03;33;
2019-01-25 04:46:04;33;
2019-01-25 04:57:33;33;
2019-01-25 04:58:49;33;
2019-01-25 04:59:35;33;
2019-01-25 05:00:22;33;
2019-01-25 10:19:59;66;
2019-01-25 11:34:55;2163;
2019-01-25 11:34:55;2164;
2019-01-25 11:35:50;2130;
2019-01-25 11:37:47;2153;
2019-01-25 11:40:40;14;
2019-01-25 11:58:57;14;
2019-01-25 12:30:04;1154;
2019-01-25 15:50:28;1154;
2019-01-25 15:51:21;1154;
2019-01-25 18:23:14;33;
2019-01-26 01:12:07;66;
2019-01-27 01:14:50;33;
2019-01-27 01:24:36;14;
2019-01-27 01:35:17;14;
2019-01-27 03:42:03;13;
2019-01-27 03:57:47;13;
2019-01-28 02:37:46;33;
2019-01-28 08:24:37;1154;
2019-01-28 08:32:09;1154;
2019-01-28 09:37:42;2140;
2019-01-30 16:08:12;33;
2019-01-30 20:24:59;75;
2019-01-30 20:26:14;66;
2019-01-30 20:30:28;2160;
2019-01-30 20:30:28;2161;
2019-01-30 20:30:33;2130;
2019-01-30 20:30:39;2163;
2019-01-30 20:30:39;2164;
2019-01-30 20:31:20;2161;
2019-01-30 20:31:43;29;
2019-01-30 20:31:47;2153;
2019-01-30 20:31:56;2161;
2019-01-30 20:32:26;2161;
2019-01-30 20:32:37;2161;
2019-01-30 20:33:16;2161;
2019-01-30 20:33:29;33;
2019-01-30 20:34:33;2161;
2019-01-30 20:34:44;2161;
2019-01-30 20:35:17;2161;
2019-01-30 20:44:14;2161;
2019-01-30 20:50:25;2161;
2019-01-30 20:50:36;2161;
2019-01-30 20:54:45;2160;
2019-01-30 20:54:50;2130;
2019-01-30 22:23:23;2161;
2019-01-30 22:29:43;2160;
2019-01-30 22:29:48;2130;
2019-01-30 23:12:40;66;
2019-01-31 01:26:05;2161;
2019-01-31 01:26:33;2161;
2019-01-31 01:26:49;2161;
2019-01-31 01:40:19;2160;
2019-01-31 01:40:24;2130;
2019-01-31 02:10:59;66;
2019-01-31 04:08:34;2161;
2019-01-31 04:25:57;2160;
2019-01-31 04:26:02;2130;
2019-01-31 05:29:56;2161;
2019-01-31 05:30:07;2161;
2019-01-31 05:31:05;1122;
2019-01-31 05:31:05;1126;
2019-01-31 05:31:05;1137;
2019-01-31 05:31:05;1187;
2019-01-31 05:31:06;1138;
2019-01-31 05:31:09;1109;
2019-01-31 05:31:09;1113;
2019-01-31 05:31:09;1128;
2019-01-31 05:31:09;1129;
2019-01-31 05:31:09;1181;
2019-01-31 05:31:24;1151;
2019-01-31 05:31:29;1170;
2019-01-31 05:31:29;1171;
2019-01-31 05:34:44;2161;
2019-01-31 05:36:56;2160;
2019-01-31 05:37:01;2130;
2019-01-31 05:39:43;1122;
2019-01-31 05:39:43;1126;
2019-01-31 05:39:43;1137;
2019-01-31 05:39:43;1187;
2019-01-31 05:39:44;1138;
2019-01-31 05:39:47;1109;
2019-01-31 05:39:47;1113;
2019-01-31 05:39:47;1128;
2019-01-31 05:39:47;1129;
2019-01-31 05:39:47;1181;
2019-01-31 05:40:02;1151;
2019-01-31 05:40:02;2122;
2019-01-31 05:40:02;2126;
2019-01-31 05:40:02;2137;
2019-01-31 05:40:02;2187;
2019-01-31 05:40:03;2138;
2019-01-31 05:40:06;2109;
2019-01-31 05:40:06;2113;
2019-01-31 05:40:06;2128;
2019-01-31 05:40:06;2129;
2019-01-31 05:40:06;2181;
2019-01-31 05:40:07;1170;
2019-01-31 05:40:07;1171;
2019-01-31 05:40:21;2151;
2019-01-31 05:40:26;2170;
2019-01-31 05:40:26;2171;
2019-01-31 05:42:22;2160;
2019-01-31 05:42:22;2161;
2019-01-31 05:42:27;2130;
2019-01-31 05:42:27;2161;
2019-01-31 05:42:38;2161;
2019-01-31 05:42:44;2161;
2019-01-31 05:43:06;2161;
2019-01-31 05:49:01;2161;
2019-01-31 05:57:55;2161;
2019-01-31 05:58:06;2161;
2019-01-31 05:58:31;33;
2019-01-31 06:06:06;2160;
2019-01-31 06:06:11;2130;
2019-01-31 09:57:47;66;
2019-01-31 11:10:21;2161;
2019-01-31 11:11:22;2161;
2019-01-31 11:14:14;2160;
2019-01-31 11:14:14;2161;
2019-01-31 11:14:19;2130;
2019-01-31 11:15:03;2161;
2019-01-31 11:15:26;2161;
2019-01-31 11:18:01;2161;
2019-01-31 11:37:49;2160;
2019-01-31 11:37:54;2130;
2019-01-31 12:13:52;66;
2019-02-01 02:29:40;1140;
2019-02-01 02:29:40;2140;
2019-02-01 03:31:30;2165;
2019-02-01 09:30:39;2161;
2019-02-01 09:35:52;2160;
2019-02-01 09:35:57;2130;
2019-02-01 10:10:16;66;
2019-02-01 11:07:05;2161;
2019-02-01 11:07:22;2161;
2019-02-01 11:10:47;2160;
2019-02-01 11:10:52;2130;
2019-02-01 12:04:31;66;
2019-02-01 16:59:30;1129;
2019-02-02 00:10:41;2161;
2019-02-02 00:12:16;2160;
2019-02-02 00:12:21;2130;
2019-02-02 00:43:49;2122;
2019-02-02 00:43:49;2126;
2019-02-02 00:43:49;2137;
2019-02-02 00:43:49;2187;
2019-02-02 00:43:50;2138;
2019-02-02 00:43:50;1122;
2019-02-02 00:43:50;1126;
2019-02-02 00:43:50;1137;
2019-02-02 00:43:50;1187;
2019-02-02 00:43:51;1138;
2019-02-02 00:43:53;2109;
2019-02-02 00:43:53;2113;
2019-02-02 00:43:53;2128;
2019-02-02 00:43:53;2129;
2019-02-02 00:43:53;2181;
2019-02-02 00:43:54;1109;
2019-02-02 00:43:54;1113;
2019-02-02 00:43:54;1128;
2019-02-02 00:43:54;1181;
2019-02-02 00:44:08;2151;
2019-02-02 00:44:09;1151;
2019-02-02 00:44:13;2170;
2019-02-02 00:44:13;2171;
2019-02-02 00:44:14;1170;
2019-02-02 00:44:14;1171;
2019-02-02 01:11:05;66;
2019-02-02 08:48:32;33;
2019-02-02 21:31:34;96;
2019-02-08 07:38:44;2117;
2019-02-08 07:38:44;2183;
2019-02-08 08:35:28;2122;
2019-02-08 08:35:28;2126;
2019-02-08 08:35:28;2137;
2019-02-08 08:35:28;2187;
2019-02-08 08:35:29;2138;
2019-02-08 08:35:32;2109;
2019-02-08 08:35:32;2113;
2019-02-08 08:35:32;2181;
2019-02-08 08:35:32;2128;
2019-02-08 08:35:32;2129;
2019-02-08 08:35:47;2151;
2019-02-08 08:35:52;2170;
2019-02-08 08:35:52;2171;
2019-02-08 08:54:45;2122;
2019-02-08 08:54:45;2126;
2019-02-08 08:54:45;2137;
2019-02-08 08:54:45;2187;
2019-02-08 08:54:46;2138;
2019-02-08 08:54:49;2109;
2019-02-08 08:54:49;2113;
2019-02-08 08:54:49;2128;
2019-02-08 08:54:49;2129;
2019-02-08 08:54:49;2181;
2019-02-08 08:55:04;2151;
2019-02-08 08:55:09;2170;
2019-02-08 08:55:09;2171;
2019-02-08 09:14:47;33;
2019-02-08 10:39:29;1129;
2019-02-09 03:08:54;2117;
2019-02-09 03:08:54;2183;
2019-02-09 03:09:39;2117;
2019-02-09 03:09:39;2183;
2019-02-09 03:11:18;29;
2019-02-09 03:14:23;2117;
2019-02-09 03:14:23;2183;
2019-02-09 03:15:20;29;
2019-02-09 03:20:27;33;
2019-02-09 03:27:57;1129;
2019-02-09 03:58:54;1129;
2019-02-09 04:24:24;1129;
2019-02-09 04:25:54;1122;
2019-02-09 04:25:54;1126;
2019-02-09 04:25:54;1137;
2019-02-09 04:25:54;1187;
2019-02-09 04:25:55;1138;
2019-02-09 04:25:58;1109;
2019-02-09 04:25:58;1113;
2019-02-09 04:25:58;1128;
2019-02-09 04:25:58;1181;
2019-02-09 04:26:13;1151;
2019-02-09 04:26:18;1170;
2019-02-09 04:26:18;1171;
2019-02-09 04:30:10;1160;
2019-02-09 04:30:14;1161;
2019-02-09 04:30:15;1130;
2019-02-09 04:30:19;1131;
2019-02-09 04:30:37;1129;
2019-02-09 07:14:52;1107;
2019-02-09 08:00:59;1129;
2019-02-09 12:58:36;1129;
2019-02-09 13:58:48;1129;
2019-02-09 22:23:00;1107;
2019-02-11 04:04:54;1129;
2019-02-11 04:28:15;1129;
2019-02-12 09:18:43;1129;
2019-02-14 07:30:57;1107;
2019-02-16 07:41:07;96;
2019-02-27 15:23:58;66;
2019-03-01 11:36:46;33;
2019-03-04 07:31:00;33;
2019-03-04 17:41:17;2154;
2019-03-04 17:41:22;29;
2019-03-04 17:43:10;33;
2019-03-04 21:37:51;66;
2019-03-05 07:23:07;13;
2019-03-05 07:36:13;13;
2019-03-05 09:49:49;13;
2019-03-05 09:58:50;2154;
2019-03-05 10:01:50;14;
2019-03-05 18:14:39;2154;
2019-03-05 18:24:10;33;
2019-03-05 18:40:20;66;
2019-03-06 07:06:21;2154;
2019-03-06 07:09:26;14;
2019-03-06 08:32:41;40;
2019-03-06 18:26:52;2154;
2019-03-06 18:28:02;40;
2019-03-06 18:29:25;40;
2019-03-06 18:30:58;40;
2019-03-06 20:44:26;2154;
2019-03-06 22:45:41;2154;
2019-03-06 22:54:24;40;
2019-03-06 22:55:19;13;
2019-03-07 05:35:09;2154;
2019-03-07 05:38:16;14;
2019-03-07 09:53:56;2154;
2019-03-07 09:55:10;40;
2019-03-07 09:55:37;13;
2019-03-07 19:26:30;2154;
2019-03-07 19:27:31;40;
2019-03-08 10:51:06;13;
2019-03-08 13:19:05;1129;
2019-03-08 16:14:39;33;
2019-03-08 16:41:37;66;
2019-03-08 21:21:38;66;
2019-03-10 14:37:09;1154;
2019-03-10 14:39:16;1129;
2019-03-10 14:45:40;1122;
2019-03-10 14:45:40;1126;
2019-03-10 14:45:40;1137;
2019-03-10 14:45:40;1187;
2019-03-10 14:45:41;1138;
2019-03-10 14:45:44;1109;
2019-03-10 14:45:44;1113;
2019-03-10 14:45:44;1128;
2019-03-10 14:45:44;1181;
2019-03-10 14:45:59;1151;
2019-03-10 14:46:04;1170;
2019-03-10 14:46:04;1171;
2019-03-10 14:51:11;1129;
2019-03-10 14:51:40;1129;
2019-03-10 18:02:36;33;
2019-03-10 18:41:05;66;
2019-03-12 20:42:31;96;
2019-03-12 22:45:51;66;
2019-03-12 22:50:02;40;
2019-03-13 05:44:13;66;
2019-03-17 21:10:58;1116;
2019-03-17 21:10:58;1182;
2019-03-17 21:12:02;2154;
2019-03-17 23:49:43;1154;
2019-03-17 23:50:04;2154;
2019-03-18 02:39:35;2154;
2019-03-18 02:39:42;1154;
2019-03-18 08:06:16;2154;
2019-03-18 08:06:17;1154;
2019-03-18 09:29:32;2154;
2019-03-18 09:32:41;14;
2019-03-18 09:40:40;1154;
2019-03-18 09:40:42;1130;
2019-03-18 09:40:46;1160;
2019-03-18 09:40:57;1163;
2019-03-18 09:40:57;1164;
2019-03-18 09:40:57;1161;
2019-03-18 09:41:07;1153;
2019-03-18 09:41:53;1161;
2019-03-18 09:42:11;1161;
2019-03-18 09:42:29;1161;
2019-03-18 09:42:56;1161;
2019-03-18 09:43:32;1161;
2019-03-18 09:43:50;1161;
2019-03-18 09:44:37;1161;
2019-03-18 09:45:48;33;
2019-03-18 09:49:07;1161;
2019-03-18 09:49:19;1161;
2019-03-18 10:06:51;1160;
2019-03-18 10:06:56;1130;
2019-03-18 10:15:33;1129;
2019-03-18 10:18:55;1122;
2019-03-18 10:18:55;1126;
2019-03-18 10:18:55;1137;
2019-03-18 10:18:55;1187;
2019-03-18 10:18:56;1138;
2019-03-18 10:18:59;1109;
2019-03-18 10:18:59;1113;
2019-03-18 10:18:59;1128;
2019-03-18 10:18:59;1181;
2019-03-18 10:19:14;1151;
2019-03-18 10:19:19;1170;
2019-03-18 10:19:19;1171;
2019-03-18 10:19:22;33;
2019-03-18 10:32:53;1160;
2019-03-18 10:32:53;1161;
2019-03-18 10:32:58;1130;
2019-03-18 11:06:35;1161;
2019-03-18 11:22:59;1160;
2019-03-18 11:23:04;1130;
2019-03-18 11:35:43;33;
2019-03-18 11:47:15;1161;
2019-03-18 11:48:01;1160;
2019-03-18 11:48:06;1130;
2019-03-18 12:09:35;1129;
2019-03-18 13:23:55;1122;
2019-03-18 13:23:55;1126;
2019-03-18 13:23:55;1137;
2019-03-18 13:23:55;1187;
2019-03-18 13:23:56;1138;
2019-03-18 13:23:59;1109;
2019-03-18 13:23:59;1113;
2019-03-18 13:23:59;1128;
2019-03-18 13:23:59;1181;
2019-03-18 13:24:14;1151;
2019-03-18 13:25:34;1129;
2019-03-18 13:28:36;1160;
2019-03-18 13:28:41;1130;
2019-03-18 13:28:48;1161;
2019-03-18 17:39:13;1161;
2019-03-18 17:39:30;1161;
2019-03-18 17:39:54;1161;
2019-03-18 17:40:11;1161;
2019-03-18 17:40:23;1161;
2019-03-18 17:40:52;1161;
2019-03-18 17:44:17;2154;
2019-03-18 18:04:08;1160;
2019-03-18 18:04:13;1130;
2019-03-18 22:58:20;2165;
2019-03-18 22:58:20;2130;
2019-03-18 22:58:45;2153;
2019-03-19 03:00:17;13;
2019-03-19 03:08:54;1140;
2019-03-19 03:08:54;2140;
2019-03-19 03:50:59;1161;
2019-03-19 03:52:16;2160;
2019-03-19 03:52:21;2130;
2019-03-19 03:52:28;2163;
2019-03-19 03:52:28;2164;
2019-03-19 03:52:42;2161;
2019-03-19 03:53:46;2154;
2019-03-19 03:53:56;2153;
2019-03-19 04:05:37;1160;
2019-03-19 04:05:42;1130;
2019-03-19 04:08:38;2131;
2019-03-19 04:08:38;77;
2019-03-19 04:17:10;1161;
2019-03-19 04:17:13;2161;
2019-03-19 04:17:21;1161;
2019-03-19 04:20:09;1163;
2019-03-19 04:20:09;1164;
2019-03-19 04:20:31;1131;
2019-03-19 04:20:31;77;
2019-03-19 04:22:16;1161;
2019-03-19 04:22:16;2161;
2019-03-19 04:25:43;2161;
2019-03-19 04:26:21;1161;
2019-03-19 04:29:12;2131;
2019-03-19 04:36:29;1131;
2019-03-19 06:07:04;33;
2019-03-19 10:17:28;2161;
2019-03-19 10:17:55;1161;
2019-03-19 10:19:14;1122;
2019-03-19 10:19:14;1126;
2019-03-19 10:19:14;1137;
2019-03-19 10:19:14;1187;
2019-03-19 10:19:15;1138;
2019-03-19 10:19:18;1109;
2019-03-19 10:19:18;1113;
2019-03-19 10:19:18;1128;
2019-03-19 10:19:18;1129;
2019-03-19 10:19:18;1181;
2019-03-19 10:19:33;2122;
2019-03-19 10:19:33;2126;
2019-03-19 10:19:33;2137;
2019-03-19 10:19:33;2187;
2019-03-19 10:19:33;1151;
2019-03-19 10:19:34;2138;
2019-03-19 10:19:37;2109;
2019-03-19 10:19:37;2113;
2019-03-19 10:19:37;2128;
2019-03-19 10:19:37;2129;
2019-03-19 10:19:37;2181;
2019-03-19 10:19:52;2151;
2019-03-19 10:23:48;1160;
2019-03-19 10:23:48;1161;
2019-03-19 10:23:50;2160;
2019-03-19 10:23:53;1130;
2019-03-19 10:23:56;2130;
2019-03-19 10:23:59;1131;
2019-03-19 10:23:59;2131;
2019-03-19 10:24:45;2161;
2019-03-19 10:36:39;1161;
2019-03-19 10:36:40;2161;
2019-03-19 11:00:09;2160;
2019-03-19 11:00:14;2130;
2019-03-19 11:00:18;2131;
2019-03-19 11:01:24;1160;
2019-03-19 11:01:29;1130;
2019-03-19 11:01:34;1131;
2019-03-19 11:47:10;2161;
2019-03-19 11:47:18;1161;
2019-03-19 12:12:47;2160;
2019-03-19 12:12:52;2130;
2019-03-19 12:12:55;2131;
2019-03-19 12:16:34;1160;
2019-03-19 12:16:39;1130;
2019-03-19 12:16:45;1131;
2019-03-19 12:22:45;1122;
2019-03-19 12:22:45;1126;
2019-03-19 12:22:45;1137;
2019-03-19 12:22:45;1187;
2019-03-19 12:22:46;1138;
2019-03-19 12:22:47;2122;
2019-03-19 12:22:47;2126;
2019-03-19 12:22:47;2137;
2019-03-19 12:22:47;2187;
2019-03-19 12:22:48;2138;
2019-03-19 12:22:49;1109;
2019-03-19 12:22:49;1113;
2019-03-19 12:22:49;1128;
2019-03-19 12:22:49;1129;
2019-03-19 12:22:49;1181;
2019-03-19 12:22:51;1117;
2019-03-19 12:22:51;1183;
2019-03-19 12:22:51;2109;
2019-03-19 12:22:51;2113;
2019-03-19 12:22:51;2128;
2019-03-19 12:22:51;2129;
2019-03-19 12:22:51;2181;
2019-03-19 12:22:53;2117;
2019-03-19 12:22:53;2183;
2019-03-19 12:23:04;1151;
2019-03-19 12:23:06;2151;
2019-03-19 12:23:09;1170;
2019-03-19 12:23:09;1171;
2019-03-19 12:23:11;2170;
2019-03-19 12:23:11;2171;
2019-03-19 12:50:33;2160;
2019-03-19 12:50:36;1160;
2019-03-19 12:50:36;1161;
2019-03-19 12:50:38;2130;
2019-03-19 12:50:41;1130;
2019-03-19 12:50:41;2131;
2019-03-19 12:50:44;1131;
2019-03-19 12:50:53;2161;
2019-03-19 13:01:25;1183;
2019-03-19 13:01:26;1117;
2019-03-19 13:01:28;2183;
2019-03-19 13:01:28;2117;
2019-03-19 13:10:17;33;
2019-03-19 13:16:35;1122;
2019-03-19 13:16:35;1126;
2019-03-19 13:16:35;1137;
2019-03-19 13:16:35;1187;
2019-03-19 13:16:36;1138;
2019-03-19 13:16:37;2122;
2019-03-19 13:16:37;2126;
2019-03-19 13:16:37;2137;
2019-03-19 13:16:37;2187;
2019-03-19 13:16:38;2138;
2019-03-19 13:16:39;1109;
2019-03-19 13:16:39;1113;
2019-03-19 13:16:39;1128;
2019-03-19 13:16:39;1129;
2019-03-19 13:16:39;1181;
2019-03-19 13:16:41;2109;
2019-03-19 13:16:41;2113;
2019-03-19 13:16:41;2128;
2019-03-19 13:16:41;2129;
2019-03-19 13:16:41;2181;
2019-03-19 13:16:54;1151;
2019-03-19 13:16:56;2151;
2019-03-19 13:16:59;1170;
2019-03-19 13:16:59;1171;
2019-03-19 13:17:01;2170;
2019-03-19 13:17:01;2171;
2019-03-21 17:48:15;66;
2019-03-27 21:37:18;96;
2019-03-29 16:39:49;66;
2019-04-05 01:42:36;96;
2019-04-05 21:12:08;1117;
2019-04-05 21:12:08;1183;
2019-04-05 21:12:08;2117;
2019-04-05 21:12:08;2183;
2019-04-05 21:14:07;1183;
2019-04-05 21:14:52;1160;
2019-04-05 21:14:52;1161;
2019-04-05 21:14:57;1130;
2019-04-05 21:15:00;1131;
2019-04-05 21:15:18;1161;
2019-04-05 21:16:05;1161;
2019-04-05 21:16:17;1117;
2019-04-05 21:16:17;1183;
2019-04-05 21:18:16;1160;
2019-04-05 21:18:21;1130;
2019-04-05 21:18:25;1131;
2019-04-05 21:19:21;1161;
2019-04-05 21:21:06;29;
2019-04-05 21:24:09;1161;
2019-04-05 21:24:59;33;
2019-04-05 21:25:28;1161;
2019-04-05 21:55:54;1160;
2019-04-05 21:55:59;1130;
2019-04-05 21:56:02;1131;
2019-04-06 12:28:38;1122;
2019-04-06 12:28:38;1126;
2019-04-06 12:28:38;1137;
2019-04-06 12:28:38;1187;
2019-04-06 12:28:39;1138;
2019-04-06 12:28:42;1109;
2019-04-06 12:28:42;1113;
2019-04-06 12:28:42;1128;
2019-04-06 12:28:42;1129;
2019-04-06 12:28:42;1181;
2019-04-06 12:28:57;1151;
2019-04-06 12:29:02;1170;
2019-04-06 12:29:02;1171;
2019-04-06 14:42:21;33;
2019-04-08 04:26:08;96;
2099-08-28 03:51:13;96;
2099-08-29 16:01:38;2117;
2099-08-29 16:01:38;2183;
2099-08-29 16:10:13;29;
2099-08-29 16:11:30;2117;
2099-08-29 16:11:30;2183;
2099-08-29 16:18:02;1129;
2099-08-29 16:18:02;77;
2099-08-29 16:23:41;1129;
2099-08-29 16:27:32;1129;
2099-08-29 16:27:32;77;
2099-08-29 16:31:01;1129;
2099-08-29 16:54:04;1130;
2099-08-29 16:54:08;1160;
2099-08-29 16:54:08;1161;
2099-08-29 16:54:19;1163;
2099-08-29 16:54:19;1164;
2099-08-29 16:54:29;1153;
2099-08-29 16:54:35;1161;
2099-08-29 16:55:41;1161;
2099-08-29 17:01:07;1122;
2099-08-29 17:01:07;1126;
2099-08-29 17:01:07;1137;
2099-08-29 17:01:07;1187;
2099-08-29 17:01:08;1138;
2099-08-29 17:01:11;1109;
2099-08-29 17:01:11;1113;
2099-08-29 17:01:11;1128;
2099-08-29 17:01:11;1129;
2099-08-29 17:01:11;1181;
2099-08-29 17:01:26;1151;
2099-08-29 17:01:31;1170;
2099-08-29 17:01:31;1171;
2099-08-30 06:26:07;96;
2099-08-30 14:14:19;1160;
2099-08-30 14:14:24;1130;
2099-08-30 14:14:26;1161;
2099-08-30 14:14:28;1131;
2099-08-30 14:14:57;1161;
2099-08-30 14:18:10;2117;
2099-08-30 14:18:10;2183;
2099-08-30 14:21:04;1117;
2099-08-30 14:21:05;1183;
2099-08-30 14:38:20;1122;
2099-08-30 14:38:20;1137;
2099-08-30 14:38:20;1187;
2099-08-30 14:38:21;1138;
2099-08-30 14:38:24;1109;
2099-08-30 14:38:24;1113;
2099-08-30 14:38:24;1128;
2099-08-30 14:38:24;1129;
2099-08-30 14:38:24;1181;
2099-08-30 14:38:39;1151;
2099-08-30 14:38:44;1170;
2099-08-30 14:38:44;1171;
2099-08-30 20:12:38;33;
2099-08-30 20:14:24;66;
2099-08-31 01:51:20;96;
2099-09-01 02:02:59;96;
2099-09-01 14:09:20;1117;
2099-09-01 14:09:20;1183;
2099-09-01 14:09:20;2117;
2099-09-01 14:09:20;2183;
2099-09-01 14:10:54;1160;
2099-09-01 14:10:59;1130;
2099-09-01 14:11:00;1161;
2099-09-01 14:12:39;1161;
2099-09-01 14:15:35;33;
2099-09-01 14:16:14;1122;
2099-09-01 14:16:14;1126;
2099-09-01 14:16:14;1137;
2099-09-01 14:16:14;1187;
2099-09-01 14:16:15;1138;
2099-09-01 14:16:18;1109;
2099-09-01 14:16:18;1113;
2099-09-01 14:16:18;1128;
2099-09-01 14:16:18;1129;
2099-09-01 14:16:18;1181;
2099-09-01 14:16:33;1151;
2099-09-01 14:16:38;1170;
2099-09-01 14:16:38;1171;
2099-09-02 00:23:27;1130;
2099-09-02 00:23:28;1165;
2099-09-02 00:25:24;1153;
2099-09-02 00:26:45;13;
2099-09-02 00:33:53;1165;
2099-09-02 00:33:54;1130;
2099-09-02 00:39:45;1122;
2099-09-02 00:39:45;1126;
2099-09-02 00:39:45;1137;
2099-09-02 00:39:45;1187;
2099-09-02 00:39:46;1138;
2099-09-02 00:39:49;1109;
2099-09-02 00:39:49;1113;
2099-09-02 00:39:49;1128;
2099-09-02 00:39:49;1129;
2099-09-02 00:39:49;1181;
2099-09-02 00:40:04;1151;
2099-09-02 00:40:09;1170;
2099-09-02 00:40:09;1171;
2099-09-03 06:18:19;1129;
2099-09-03 06:38:02;96;
2099-09-03 20:32:23;1165;
2099-09-03 20:32:25;1130;
2099-09-03 20:35:36;1129;
2099-09-04 13:20:07;33;
2099-09-05 02:25:07;1129;
2099-09-05 08:46:24;96;
2099-09-05 17:07:11;1129;
2099-09-08 03:18:36;1165;
2099-09-08 03:18:39;1130;
2099-09-08 03:27:11;1165;
2099-09-08 03:27:12;1130;
2099-09-08 03:28:58;1154;
2099-09-08 03:29:08;1153;
2099-09-08 03:38:02;1122;
2099-09-08 03:38:02;1126;
2099-09-08 03:38:02;1137;
2099-09-08 03:38:02;1187;
2099-09-08 03:38:03;1138;
2099-09-08 03:38:06;1109;
2099-09-08 03:38:06;1113;
2099-09-08 03:38:06;1128;
2099-09-08 03:38:06;1129;
2099-09-08 03:38:06;1181;
2099-09-08 03:38:21;1151;
2099-09-08 03:38:26;1170;
2099-09-08 03:38:26;1171;
2099-09-08 04:25:53;1160;
2099-09-08 04:25:58;1130;
2099-09-08 04:25:59;1161;
2099-09-08 04:26:01;1131;
2099-09-08 04:26:55;1122;
2099-09-08 04:26:55;1126;
2099-09-08 04:26:55;1137;
2099-09-08 04:26:55;1187;
2099-09-08 04:26:56;1138;
2099-09-08 04:26:59;1109;
2099-09-08 04:26:59;1113;
2099-09-08 04:26:59;1128;
2099-09-08 04:26:59;1129;
2099-09-08 04:26:59;1181;
2099-09-08 04:31:22;1154;
2099-09-08 04:35:42;13;
2099-09-08 04:43:48;1154;
2099-09-08 14:28:29;1154;
2099-09-08 14:30:38;1154;
2099-09-08 19:17:20;96;
2099-09-08 19:31:14;96;
2099-09-08 21:03:05;96;
2099-09-09 21:27:30;1129;
2099-09-09 22:10:37;1154;
2099-09-09 22:11:54;1154;
2099-09-09 22:11:57;40;
2099-09-09 22:12:18;13;
2099-09-10 01:59:21;1154;
2099-09-11 01:05:30;1129;
2099-09-11 16:05:51;1129;
2099-09-11 22:49:47;1129;
2099-09-12 16:32:05;1129;
2099-09-12 22:02:38;1129;
2099-09-15 08:17:37;1154;
2099-09-15 16:09:17;96;
2099-09-15 16:25:52;96;
2099-09-15 17:12:24;96;
2019-05-01 17:14:18;2140;
2019-05-01 21:29:54;2117;
2019-05-01 21:29:54;2183;
2019-05-01 21:34:47;2160;
2019-05-01 21:34:47;2161;
2019-05-01 21:34:52;2130;
2019-05-01 21:35:04;2131;
2019-05-01 21:36:46;2161;
2019-05-01 21:37:37;2161;
2019-05-01 21:38:41;2161;
2019-05-01 21:39:49;2161;
2019-05-01 21:41:35;2122;
2019-05-01 21:41:35;2126;
2019-05-01 21:41:35;2137;
2019-05-01 21:41:35;2187;
2019-05-01 21:41:36;2138;
2019-05-01 21:41:39;2109;
2019-05-01 21:41:39;2113;
2019-05-01 21:41:39;2128;
2019-05-01 21:41:39;2129;
2019-05-01 21:41:39;2181;
2019-05-01 21:41:54;2151;
2019-05-01 21:41:59;2170;
2019-05-01 21:41:59;2171;
2019-05-01 22:09:51;2117;
2019-05-01 22:09:51;2183;
2019-05-01 22:14:36;96;
2019-05-01 22:19:18;2160;
2019-05-01 22:19:23;2130;
2019-05-01 22:19:28;2131;
2019-05-01 22:19:35;2161;
2019-05-01 22:30:11;2122;
2019-05-01 22:30:11;2126;
2019-05-01 22:30:11;2137;
2019-05-01 22:30:11;2187;
2019-05-01 22:30:12;2138;
2019-05-01 22:30:15;2109;
2019-05-01 22:30:15;2113;
2019-05-01 22:30:15;2128;
2019-05-01 22:30:15;2129;
2019-05-01 22:30:15;2181;
2019-05-01 22:30:30;2151;
2019-05-01 22:30:35;2170;
2019-05-01 22:30:35;2171;
2019-05-01 22:40:22;1154;
2019-05-02 02:45:51;2117;
2019-05-02 02:45:51;2183;
2019-05-02 02:58:43;2154;
2019-05-02 03:22:04;2154;
2019-05-02 03:25:04;2154;
2019-05-02 03:41:57;2154;
2019-05-02 03:46:11;2154;
2019-05-02 03:51:32;2154;
2019-05-02 05:48:29;2154;
2019-05-02 06:00:42;2154;
2019-05-02 07:47:32;2154;
2019-05-02 13:01:20;13;
2019-05-02 13:53:12;1163;
2019-05-02 13:53:12;1164;
2019-05-02 13:53:19;1160;
2019-05-02 13:53:22;1161;
2019-05-02 13:53:24;1130;
2019-05-02 13:53:27;1131;
2019-05-02 13:53:27;77;
2019-05-02 13:54:07;1161;
2019-05-02 13:54:18;1161;
2019-05-02 13:54:45;1161;
2019-05-02 13:55:16;1161;
2019-05-02 13:55:46;1161;
2019-05-02 13:56:13;1161;
2019-05-02 13:56:36;1161;
2019-05-02 13:57:44;1161;
2019-05-02 13:58:54;1161;
2019-05-02 13:59:21;1161;
2019-05-02 14:04:14;1183;
2019-05-02 14:04:39;1117;
2019-05-02 14:19:55;1122;
2019-05-02 14:19:55;1126;
2019-05-02 14:19:55;1137;
2019-05-02 14:19:55;1187;
2019-05-02 14:19:56;1138;
2019-05-02 14:19:59;1109;
2019-05-02 14:19:59;1113;
2019-05-02 14:19:59;1128;
2019-05-02 14:19:59;1129;
2019-05-02 14:19:59;1181;
2019-05-02 14:20:14;1151;
2019-05-02 14:20:19;1170;
2019-05-02 14:20:19;1171;
2019-05-02 14:25:10;2165;
2019-05-02 14:25:26;2130;
2019-05-02 16:30:53;1122;
2019-05-02 16:30:53;1126;
2019-05-02 16:30:53;1137;
2019-05-02 16:30:53;1187;
2019-05-02 16:30:54;1138;
2019-05-02 16:30:57;1109;
2019-05-02 16:30:57;1113;
2019-05-02 16:30:57;1128;
2019-05-02 16:30:57;1129;
2019-05-02 16:30:57;1181;
2019-05-02 16:31:12;1151;
2019-05-02 16:31:17;1170;
2019-05-02 16:31:17;1171;
2019-05-02 18:53:20;2154;
2019-05-04 12:25:25;33;
2019-05-06 22:21:03;66;
2019-05-07 14:26:33;2154;
2019-05-07 16:55:14;40;
2019-05-08 02:08:43;40;
2019-05-08 02:09:42;40;
2019-05-08 09:07:38;33;
2019-05-08 23:31:14;75;
2019-05-10 14:24:17;1117;
2019-05-10 14:24:17;1183;
2019-05-10 14:25:52;1117;
2019-05-10 14:25:52;1183;
2019-05-10 14:26:56;1117;
2019-05-10 14:26:56;1183;
2019-05-11 13:55:10;1117;
2019-05-11 13:55:10;1183;
2019-05-11 14:01:56;1117;
2019-05-11 14:01:56;1183;
2019-05-11 14:07:03;1117;
2019-05-11 14:07:03;1183;
2019-05-11 14:43:37;1117;
2019-05-11 14:43:37;1183;
2019-05-12 19:58:07;2140;
2019-05-17 02:15:09;40;
2019-05-17 02:18:02;40;
2019-05-22 07:53:45;40;
2019-05-22 08:16:54;40;
2019-05-24 08:46:00;33;
2019-05-24 08:54:31;66;
2019-05-29 19:03:04;96;
2019-05-31 00:09:05;29;
2019-05-31 00:16:01;66;
2019-05-31 00:22:24;66;
2019-05-31 00:30:13;2154;
2019-05-31 00:30:15;29;
2019-05-31 00:38:55;2154;
2019-05-31 00:39:00;29;
2019-05-31 00:47:45;2154;
2019-05-31 00:47:50;29;
2019-05-31 00:56:30;2154;
2019-05-31 00:56:35;29;
2019-05-31 01:00:26;1117;
2019-05-31 01:00:26;1183;
2019-05-31 01:04:29;2154;
2019-05-31 04:41:34;2154;
2019-05-31 08:27:31;40;
2019-05-31 08:27:54;13;
2019-05-31 09:37:51;2154;
2019-05-31 09:52:59;2154;
2019-05-31 09:53:04;29;
2019-05-31 10:01:01;2154;
2019-05-31 13:14:14;2154;
2019-05-31 22:55:45;2154;
2019-05-31 22:55:50;29;
2019-05-31 23:03:44;2154;
2019-05-31 23:05:40;2154;
2019-06-01 02:30:08;2154;
2019-06-01 06:07:02;2140;
2019-06-02 19:12:09;2165;
2019-06-02 19:12:09;2130;
2019-06-02 19:12:16;2154;
2019-06-02 19:12:18;2131;
2019-06-02 19:12:18;77;
2019-06-02 19:12:24;2160;
2019-06-02 19:12:27;2161;
2019-06-02 19:13:07;2161;
2019-06-02 19:13:21;2161;
2019-06-02 19:20:53;2122;
2019-06-02 19:20:53;2126;
2019-06-02 19:20:53;2137;
2019-06-02 19:20:53;2187;
2019-06-02 19:20:54;2138;
2019-06-02 19:20:57;2109;
2019-06-02 19:20:57;2113;
2019-06-02 19:20:57;2128;
2019-06-02 19:20:57;2129;
2019-06-02 19:20:57;2181;
2019-06-02 19:21:12;2151;
2019-06-02 19:24:12;2160;
2019-06-02 19:24:12;2161;
2019-06-02 19:24:17;2130;
2019-06-02 19:24:20;2131;
2019-06-02 19:27:30;2161;
2019-06-02 19:27:58;2161;
2019-06-02 19:37:57;2122;
2019-06-02 19:37:57;2126;
2019-06-02 19:37:57;2137;
2019-06-02 19:37:57;2187;
2019-06-02 19:37:58;2138;
2019-06-02 19:38:01;2109;
2019-06-02 19:38:01;2113;
2019-06-02 19:38:01;2128;
2019-06-02 19:38:01;2129;
2019-06-02 19:38:01;2181;
2019-06-02 19:38:16;2151;
2019-06-02 19:38:21;2170;
2019-06-02 19:38:21;2171;
2019-06-02 20:01:23;2160;
2019-06-02 20:01:23;2161;
2019-06-02 20:01:28;2130;
2019-06-02 20:01:31;2131;
2019-06-02 20:04:57;1117;
2019-06-02 20:04:57;1183;
2019-06-02 20:07:10;2161;
2019-06-02 21:00:23;2161;
2019-06-02 21:00:32;33;
2019-06-02 21:07:06;1117;
2019-06-02 21:07:06;1183;
2019-06-02 21:09:40;2183;
2019-06-02 21:09:41;2117;
2019-06-02 21:14:18;33;
2019-06-02 21:16:28;1117;
2019-06-02 21:16:28;1183;
2019-06-02 21:16:28;2117;
2019-06-02 21:16:28;2183;
2019-06-02 22:28:32;2122;
2019-06-02 22:28:32;2126;
2019-06-02 22:28:32;2137;
2019-06-02 22:28:32;2187;
2019-06-02 22:28:33;2138;
2019-06-02 22:28:36;2109;
2019-06-02 22:28:36;2113;
2019-06-02 22:28:36;2128;
2019-06-02 22:28:36;2129;
2019-06-02 22:28:36;2181;
2019-06-02 22:28:51;2151;
2019-06-02 22:28:56;2170;
2019-06-02 22:28:56;2171;
2019-06-05 15:35:49;33;
2019-06-05 16:41:20;1117;
2019-06-05 16:41:20;1183;
2019-06-05 16:41:20;2117;
2019-06-05 16:41:20;2183;
2019-06-05 16:57:03;29;
2019-06-05 17:04:45;29;
2019-06-05 17:14:05;29;
2019-06-05 17:15:12;1117;
2019-06-05 17:15:12;1183;
2019-06-05 17:15:42;29;
2019-06-05 17:16:47;29;
2019-06-05 17:17:30;1117;
2019-06-05 17:17:30;1183;
2019-06-05 17:17:57;29;
2019-06-05 17:22:10;29;
2019-06-05 18:42:46;1117;
2019-06-05 18:42:46;1183;
2019-06-05 18:43:13;29;
2019-06-05 18:46:24;1117;
2019-06-05 18:46:24;1183;
2019-06-05 18:50:13;1117;
2019-06-05 18:50:13;1183;
2019-06-05 19:09:15;13;
2019-06-07 01:04:41;2140;
2019-06-09 12:42:33;1117;
2019-06-09 12:42:33;1183;
2019-06-09 12:42:59;29;
2019-06-09 12:43:30;1117;
2019-06-09 12:43:30;1183;
2019-06-09 13:48:30;1122;
2019-06-09 13:48:30;1126;
2019-06-09 13:48:30;1137;
2019-06-09 13:48:30;1187;
2019-06-09 13:48:31;1138;
2019-06-09 13:48:34;1109;
2019-06-09 13:48:34;1113;
2019-06-09 13:48:34;1128;
2019-06-09 13:48:34;1129;
2019-06-09 13:48:34;1181;
2019-06-09 13:48:49;1151;
2019-06-09 13:48:54;1170;
2019-06-09 13:48:54;1171;
2019-06-09 13:50:58;1117;
2019-06-09 13:50:58;1183;
2019-06-09 16:46:15;2154;
2019-06-09 17:20:45;13;
2019-06-09 17:29:00;2154;
2019-06-09 18:53:00;2122;
2019-06-09 18:53:00;2126;
2019-06-09 18:53:00;2137;
2019-06-09 18:53:00;2187;
2019-06-09 18:53:01;2138;
2019-06-09 18:53:04;2109;
2019-06-09 18:53:04;2113;
2019-06-09 18:53:04;2128;
2019-06-09 18:53:04;2129;
2019-06-09 18:53:04;2181;
2019-06-09 18:53:19;2151;
2019-06-09 18:53:24;2170;
2019-06-09 18:53:24;2171;
2019-06-09 20:06:16;96;
2019-06-09 21:30:37;29;
2019-06-09 21:32:00;29;
2019-06-09 21:36:33;29;
2019-06-09 21:38:05;29;
2019-06-09 21:52:13;29;
2019-06-09 22:03:25;29;
2019-06-09 22:04:36;29;
2019-06-09 22:05:35;29;
2019-06-09 22:25:03;1122;
2019-06-09 22:25:03;1126;
2019-06-09 22:25:03;1137;
2019-06-09 22:25:03;1187;
2019-06-09 22:25:04;1138;
2019-06-09 22:25:07;1109;
2019-06-09 22:25:07;1113;
2019-06-09 22:25:07;1128;
2019-06-09 22:25:07;1181;
2019-06-09 22:25:09;1117;
2019-06-09 22:25:09;1183;
2019-06-09 22:25:22;1151;
2019-06-09 22:25:27;1170;
2019-06-09 22:25:27;1171;
2019-06-09 22:28:06;2154;
2019-06-09 23:13:59;1129;
2019-06-09 23:41:00;1129;
2019-06-09 23:47:02;1129;
2019-06-09 23:49:04;96;
2019-06-09 23:51:22;1122;
2019-06-09 23:51:22;1137;
2019-06-09 23:51:22;1187;
2019-06-09 23:51:23;1138;
2019-06-09 23:51:26;1109;
2019-06-09 23:51:26;1113;
2019-06-09 23:51:26;1128;
2019-06-09 23:51:26;1181;
2019-06-09 23:51:41;1151;
2019-06-09 23:51:46;1170;
2019-06-09 23:51:46;1171;
2019-06-09 23:56:08;1160;
2019-06-09 23:56:13;1130;
2019-06-09 23:56:14;1161;
2019-06-09 23:56:16;1131;
2019-06-09 23:57:08;1129;
2019-06-10 00:01:34;1129;
2019-06-10 00:04:35;1129;
2019-06-10 00:06:26;1122;
2019-06-10 00:06:26;1137;
2019-06-10 00:06:26;1187;
2019-06-10 00:06:27;1138;
2019-06-10 00:06:30;1109;
2019-06-10 00:06:30;1113;
2019-06-10 00:06:30;1128;
2019-06-10 00:06:30;1181;
2019-06-10 00:06:45;1151;
2019-06-10 00:06:50;1170;
2019-06-10 00:06:50;1171;
2019-06-10 00:09:21;1160;
2019-06-10 00:09:26;1130;
2019-06-10 00:09:27;1161;
2019-06-10 00:09:29;1131;
2019-06-10 00:13:13;1129;
2019-06-10 00:15:52;96;
2019-06-10 00:29:27;1160;
2019-06-10 00:29:32;1130;
2019-06-10 00:29:33;1161;
2019-06-10 00:29:35;1131;
2019-06-10 00:30:20;1161;
2019-06-10 00:30:36;1161;
2019-06-10 00:33:01;1122;
2019-06-10 00:33:01;1137;
2019-06-10 00:33:01;1187;
2019-06-10 00:33:02;1129;
2019-06-10 00:33:02;1138;
2019-06-10 00:33:05;1109;
2019-06-10 00:33:05;1113;
2019-06-10 00:33:05;1128;
2019-06-10 00:33:05;1181;
2019-06-10 00:33:20;1151;
2019-06-10 00:33:25;1170;
2019-06-10 00:33:25;1171;
2019-06-10 00:47:42;2154;
2019-06-10 01:29:19;2154;
2019-06-10 02:47:37;40;
2019-06-10 02:56:09;2154;
2019-06-10 02:58:54;71;
2019-06-10 03:11:24;2154;
2019-06-10 04:27:59;2154;
2019-06-10 04:28:57;40;
2019-06-10 04:29:18;13;
2019-06-10 04:37:09;2154;
2019-06-10 05:31:40;13;
2019-06-10 05:43:23;2154;
2019-06-10 05:53:53;2154;
2019-06-10 06:10:38;2154;
2019-06-10 06:47:03;2154;
2019-06-10 08:31:43;2154;
2019-06-10 08:34:23;2154;
2019-06-10 10:30:43;2154;
2019-06-10 11:56:38;2154;
2019-06-10 22:44:19;2140;
2019-06-11 23:32:27;2154;
2019-06-11 23:40:17;2154;
2019-06-11 23:45:33;2154;
2019-06-12 00:16:46;2154;
2019-06-12 00:34:00;2154;
2019-06-12 00:41:37;2154;
2019-06-12 01:23:30;2154;
2019-06-12 01:46:14;2154;
2019-06-12 01:55:36;2154;
2019-06-12 02:15:49;2154;
2019-06-12 02:31:16;2154;
2019-06-12 02:37:04;2154;
2019-06-12 03:01:53;2154;
2019-06-12 03:36:57;66;
2019-06-12 03:38:21;2182;
2019-06-12 03:38:21;77;
2019-06-12 03:43:02;1117;
2019-06-12 03:43:02;1183;
2019-06-12 03:43:02;2117;
2019-06-12 03:43:02;2183;
2019-06-12 03:49:22;2182;
2019-06-12 03:49:22;77;
2019-06-12 03:50:50;1117;
2019-06-12 03:50:50;1183;
2019-06-12 03:50:50;2117;
2019-06-12 03:50:50;2183;
2019-06-12 14:45:48;96;
2019-06-13 17:40:34;2119;
2019-06-13 17:40:34;2185;
2019-06-13 18:03:10;1117;
2019-06-13 18:03:10;1183;
2019-06-13 18:03:10;2117;
2019-06-13 18:03:10;2183;
2019-06-13 20:14:54;2119;
2019-06-13 20:14:54;2185;
2019-06-13 20:53:04;1117;
2019-06-13 20:53:04;1183;
2019-06-13 20:53:04;2117;
2019-06-13 20:53:04;2183;
2019-06-15 18:44:39;1117;
2019-06-15 18:44:39;1183;
2019-06-15 18:44:39;2117;
2019-06-15 18:44:39;2183;
2019-06-16 14:05:09;33;
2019-06-18 16:29:39;2182;
2019-06-18 16:29:39;77;
2019-06-18 16:32:59;1117;
2019-06-18 16:32:59;1183;
2019-06-18 16:32:59;2117;
2019-06-18 16:32:59;2183;
2019-06-18 16:36:26;2116;
2019-06-18 16:36:26;77;
2019-06-18 16:42:24;1117;
2019-06-18 16:42:24;1183;
2019-06-18 16:42:24;2117;
2019-06-18 16:42:24;2183;
2019-06-18 16:47:22;2182;
2019-06-18 16:47:22;77;
2019-06-18 16:52:56;1117;
2019-06-18 16:52:56;1183;
2019-06-18 16:52:56;2117;
2019-06-18 16:52:56;2183;
2019-06-18 16:59:41;2182;
2019-06-18 16:59:41;77;
2019-06-18 17:00:44;1117;
2019-06-18 17:00:44;1183;
2019-06-18 17:00:44;2117;
2019-06-18 17:00:44;2183;
2019-06-18 18:44:51;96;
2019-06-19 15:34:00;2154;
2019-06-19 15:45:23;2116;
2019-06-19 15:45:23;77;
2019-06-19 15:46:19;1117;
2019-06-19 15:46:19;1183;
2019-06-19 15:46:19;2117;
2019-06-19 15:46:19;2183;
2019-06-19 15:52:21;2182;
2019-06-19 15:52:21;77;
2019-06-19 15:54:27;1117;
2019-06-19 15:54:27;1183;
2019-06-19 15:54:27;2117;
2019-06-19 15:54:27;2183;
2019-06-19 15:59:18;2182;
2019-06-19 15:59:19;77;
2019-06-19 16:07:47;2154;
2019-06-19 16:17:15;2154;
2019-06-19 16:27:29;2154;
2019-06-19 22:29:29;2140;
2019-06-21 06:29:38;33;
2019-06-22 06:03:58;66;
2019-06-26 09:15:08;2119;
2019-06-26 09:15:08;2185;
2019-06-26 09:44:59;1117;
2019-06-26 09:44:59;1183;
2019-06-26 09:44:59;2117;
2019-06-26 09:44:59;2183;
2019-06-26 11:01:48;2119;
2019-06-26 11:01:48;2185;
2019-06-26 11:04:44;1117;
2019-06-26 11:04:44;1183;
2019-06-26 11:04:44;2117;
2019-06-26 11:04:44;2183;
2019-06-26 12:20:20;2119;
2019-06-26 12:20:20;2185;
2019-06-26 12:24:43;1117;
2019-06-26 12:24:43;1183;
2019-06-26 12:24:43;2117;
2019-06-26 12:24:43;2183;
2019-06-26 13:32:13;2119;
2019-06-26 13:32:13;2185;
2019-06-26 13:32:54;1117;
2019-06-26 13:32:54;1183;
2019-06-26 13:32:54;2117;
2019-06-26 13:32:54;2183;
2019-06-26 20:36:46;2119;
2019-06-26 20:36:46;2185;
2019-06-26 21:05:05;2118;
2019-06-26 21:05:05;2184;
2019-06-27 06:58:05;2154;
2019-06-30 13:00:15;2165;
2019-06-30 13:00:17;2130;
2019-06-30 13:08:45;2165;
2019-06-30 13:08:45;2130;
2019-06-30 13:38:15;1117;
2019-06-30 13:38:15;1183;
2019-06-30 13:42:05;2117;
2019-06-30 13:42:05;2183;
2019-06-30 15:52:48;40;
2019-06-30 16:12:54;40;
2019-06-30 16:33:18;40;
2019-06-30 18:45:50;40;
2019-06-30 18:47:35;40;
2019-06-30 18:58:15;40;
2019-06-30 20:43:38;13;
2019-06-30 21:43:14;29;
2019-06-30 21:49:52;1117;
2019-06-30 21:49:52;1183;
2019-06-30 21:51:03;29;
2019-06-30 21:52:09;29;
2019-07-01 02:50:10;13;
2019-07-01 07:59:49;40;
2019-07-01 08:07:48;40;
2019-07-01 08:09:37;29;
2019-07-01 08:11:20;1117;
2019-07-01 08:11:20;1183;
2019-07-01 08:12:22;29;
2019-07-01 08:14:50;1117;
2019-07-01 08:14:50;1183;
2019-07-01 08:15:39;29;
2019-07-01 08:17:03;1117;
2019-07-01 08:17:03;1183;
2019-07-01 08:18:16;29;
2019-07-01 08:20:10;1117;
2019-07-01 08:20:10;1183;
2019-07-01 08:21:14;29;
2019-07-01 08:25:14;40;
2019-07-01 08:28:07;40;
2019-07-01 08:46:36;29;
2019-07-01 08:48:10;1117;
2019-07-01 08:48:10;1183;
2019-07-01 08:50:01;29;
2019-07-01 08:50:30;1117;
2019-07-01 08:50:30;1183;
2019-07-01 08:51:06;29;
2019-07-01 08:51:15;1117;
2019-07-01 08:51:15;1183;
2019-07-01 08:52:11;29;
2019-07-01 08:52:31;1117;
2019-07-01 08:52:31;1183;
2019-07-01 08:53:46;29;
2019-07-01 08:56:35;1117;
2019-07-01 08:56:35;1183;
2019-07-01 08:57:27;29;
2019-07-01 08:57:55;1117;
2019-07-01 08:57:55;1183;
2019-07-01 08:58:43;29;
2019-07-01 08:59:27;29;
2019-07-01 09:00:09;1117;
2019-07-01 09:00:09;1183;
2019-07-01 09:03:12;40;
2019-07-01 09:03:22;40;
2019-07-01 16:11:34;40;
2019-07-01 16:12:51;40;
2019-07-01 17:19:32;29;
2019-07-02 06:29:25;33;
2019-07-02 12:49:30;66;
2019-07-03 08:38:26;33;
2019-07-05 10:27:53;19;
2019-07-05 10:27:53;25;
2019-07-05 10:27:55;2170;
2019-07-05 10:27:55;77;
2019-07-05 10:39:02;1117;
2019-07-05 10:39:02;1183;
2019-07-05 10:49:33;40;
2019-07-05 10:50:09;40;
2019-07-05 10:51:21;306;
2019-07-05 11:24:35;306;
2019-07-05 11:38:18;40;
2019-07-05 11:39:34;306;
2019-07-05 13:08:25;306;
2019-07-05 13:22:30;29;
2019-07-05 13:23:24;1117;
2019-07-05 13:23:24;1183;
2019-07-05 13:24:45;29;
2019-07-05 13:25:56;29;
2019-07-05 13:27:38;1117;
2019-07-05 13:27:38;1183;
2019-07-05 13:28:46;29;
2019-07-05 13:31:55;40;
2019-07-05 13:31:59;306;
2019-07-05 13:32:19;13;
2019-07-05 13:40:10;2154;
2019-07-05 13:40:45;306;
2019-07-05 13:43:03;14;
2019-07-05 14:12:39;29;
2019-07-05 14:13:26;1117;
2019-07-05 14:13:26;1183;
2019-07-05 14:23:03;29;
2019-07-05 14:29:14;33;
2019-07-05 14:34:14;1117;
2019-07-05 14:34:14;1183;
2019-07-05 14:37:08;1117;
2019-07-05 14:37:08;1183;
2019-07-05 15:01:04;1117;
2019-07-05 15:01:04;1183;
2019-07-05 15:35:45;1117;
2019-07-05 15:35:45;1183;
2019-07-05 15:58:40;2154;
2019-07-05 16:00:48;29;
2019-07-05 16:01:03;1117;
2019-07-05 16:01:03;1183;
2019-07-05 16:05:45;1117;
2019-07-05 16:05:45;1183;
2019-07-05 16:11:59;14;
2019-07-05 16:12:38;29;
2019-07-05 16:14:18;1117;
2019-07-05 16:14:18;1183;
2019-07-05 16:14:48;29;
2019-07-05 16:15:18;1117;
2019-07-05 16:15:18;1183;
2019-07-05 16:15:34;1117;
2019-07-05 16:15:34;1183;
2019-07-05 16:19:59;2154;
2019-07-05 16:22:14;29;
2019-07-05 16:28:34;33;
2019-07-05 16:30:01;66;
2019-07-06 16:27:32;2140;
2019-07-07 06:36:14;66;
2019-07-09 11:00:26;66;
2019-07-11 10:05:17;2154;
2019-07-11 23:20:36;13;
2019-07-11 23:29:19;2154;
2019-07-12 05:51:33;2154;
2019-07-12 05:59:57;2154;
2019-07-12 06:01:52;2154;
2019-07-12 06:12:31;2154;
2019-07-12 06:23:03;2154;
2019-07-12 06:26:44;2154;
2019-07-12 08:04:05;2154;
2019-07-12 09:33:53;2154;
2019-07-12 12:00:57;2154;
2019-07-12 12:03:05;2154;
2019-07-12 12:04:23;2154;
2019-07-12 12:12:43;2154;
2019-07-12 15:34:13;2154;
2019-07-12 17:15:56;2154;
2019-07-12 17:39:55;13;
2019-07-12 17:54:07;2154;
2019-07-12 17:56:40;2154;
2019-07-13 02:51:15;2152;
2019-07-13 03:39:35;2152;
2019-07-13 03:57:19;2152;
2019-07-13 04:17:02;2152;
2019-07-13 04:26:28;2152;
2019-07-13 04:42:36;2152;
2019-07-13 05:31:28;2152;
2019-07-13 06:32:11;2152;
2019-07-13 12:06:50;2182;
2019-07-13 12:06:50;77;
2019-07-13 12:15:11;13;
2019-07-13 14:00:13;40;
2019-07-16 14:43:40;66;
2019-07-18 16:03:24;1122;
2019-07-18 16:03:24;1126;
2019-07-18 16:03:24;1137;
2019-07-18 16:03:24;1187;
2019-07-18 16:03:25;1138;
2019-07-18 16:03:28;1109;
2019-07-18 16:03:28;1113;
2019-07-18 16:03:28;1128;
2019-07-18 16:03:28;1181;
2019-07-18 16:03:43;1151;
2019-07-18 16:03:48;1170;
2019-07-18 16:03:48;1171;
2019-07-18 16:25:45;1126;
2019-07-18 16:30:26;1126;
2019-07-18 16:43:23;1122;
2019-07-18 16:43:23;1137;
2019-07-18 16:43:23;1187;
2019-07-18 16:43:24;1138;
2019-07-18 16:43:27;1109;
2019-07-18 16:43:27;1113;
2019-07-18 16:43:27;1128;
2019-07-18 16:43:27;1181;
2019-07-18 16:43:42;1151;
2019-07-18 16:43:47;1170;
2019-07-18 16:43:47;1171;
2019-07-18 16:54:40;1122;
2019-07-18 16:54:40;1126;
2019-07-18 16:54:40;1137;
2019-07-18 16:54:40;1187;
2019-07-18 16:54:41;1138;
2019-07-18 16:54:44;1109;
2019-07-18 16:54:44;1113;
2019-07-18 16:54:44;1128;
2019-07-18 16:54:44;1181;
2019-07-18 16:54:59;1151;
2019-07-18 17:03:01;1122;
2019-07-18 17:03:01;1126;
2019-07-18 17:03:01;1137;
2019-07-18 17:03:01;1187;
2019-07-18 17:03:02;1138;
2019-07-18 17:03:05;1109;
2019-07-18 17:03:05;1113;
2019-07-18 17:03:05;1128;
2019-07-18 17:03:05;1129;
2019-07-18 17:03:05;1181;
2019-07-18 17:03:20;1151;
2019-07-18 17:03:25;1170;
2019-07-18 17:03:25;1171;
2019-07-18 18:33:16;1154;
2019-07-18 18:33:38;23;
2019-07-18 18:41:36;23;
2019-07-18 18:49:24;23;
2019-07-18 18:52:15;33;
2019-07-18 18:57:13;23;
2019-07-18 19:13:05;1182;
2019-07-18 19:13:05;77;
2019-07-18 19:24:51;1165;
2019-07-18 19:32:08;33;
2019-07-19 14:12:34;33;
2019-07-19 16:52:16;1165;
2019-07-19 16:52:22;1163;
2019-07-19 16:52:22;1164;
2019-07-19 16:53:10;1130;
2019-07-19 16:55:06;1153;
2019-07-19 17:10:52;1126;
2019-07-19 17:13:30;1165;
2019-07-19 17:16:32;1126;
2019-07-19 17:23:50;1165;
2019-07-20 22:51:56;1140;
2019-07-20 22:51:56;2140;
2019-07-22 13:02:13;1119;
2019-07-22 13:02:13;1185;
2019-07-22 16:34:54;1119;
2019-07-22 16:34:54;1185;
2019-07-23 16:17:34;1117;
2019-07-23 16:17:34;1183;
2019-07-25 17:25:32;1129;
2019-07-25 17:51:53;1129;
2019-07-25 17:53:39;1122;
2019-07-25 17:53:39;1126;
2019-07-25 17:53:39;1137;
2019-07-25 17:53:39;1187;
2019-07-25 17:53:40;1138;
2019-07-25 17:53:43;1109;
2019-07-25 17:53:43;1113;
2019-07-25 17:53:43;1128;
2019-07-25 17:53:43;1181;
2019-07-25 17:53:58;1151;
2019-07-25 17:54:03;1170;
2019-07-25 17:54:03;1171;
2019-07-25 17:54:31;1129;
2019-07-25 23:50:28;2117;
2019-07-25 23:50:28;2183;
2019-07-26 16:38:05;40;
2019-07-26 18:29:04;66;
2019-07-26 18:33:44;33;
2019-07-27 00:03:03;66;
2019-07-27 03:57:57;66;
2019-07-27 04:12:42;66;
2019-07-27 09:40:46;66;
2019-07-27 22:35:51;2140;
2019-07-28 02:33:57;66;
2019-07-29 18:09:50;1126;
2019-07-29 18:10:43;1160;
2019-07-29 18:10:46;1161;
2019-07-29 18:10:48;1130;
2019-07-29 18:10:51;1131;
2019-07-29 18:15:02;1122;
2019-07-29 18:15:02;1137;
2019-07-29 18:15:02;1187;
2019-07-29 18:15:03;1138;
2019-07-29 18:15:06;1109;
2019-07-29 18:15:06;1113;
2019-07-29 18:15:06;1128;
2019-07-29 18:15:06;1129;
2019-07-29 18:15:06;1181;
2019-07-29 18:15:21;1151;
2019-07-29 18:15:26;1170;
2019-07-29 18:15:26;1171;
2019-07-29 19:00:06;2122;
2019-07-29 19:00:06;2126;
2019-07-29 19:00:06;2137;
2019-07-29 19:00:06;2187;
2019-07-29 19:00:07;2138;
2019-07-29 19:00:10;2109;
2019-07-29 19:00:10;2113;
2019-07-29 19:00:10;2128;
2019-07-29 19:00:10;2129;
2019-07-29 19:00:10;2181;
2019-07-29 20:50:09;2107;
2019-07-29 21:45:05;2111;
2019-07-29 23:20:07;2122;
2019-07-29 23:20:07;2126;
2019-07-29 23:20:07;2137;
2019-07-29 23:20:07;2187;
2019-07-29 23:20:08;2138;
2019-07-29 23:20:11;2109;
2019-07-29 23:20:11;2113;
2019-07-29 23:20:11;2128;
2019-07-29 23:20:11;2129;
2019-07-29 23:20:11;2181;
2019-07-29 23:20:26;2151;
2019-07-29 23:20:31;2170;
2019-07-29 23:20:31;2171;
2019-07-29 23:47:45;1122;
2019-07-29 23:47:45;1137;
2019-07-29 23:47:45;1187;
2019-07-29 23:47:46;1138;
2019-07-29 23:47:49;1109;
2019-07-29 23:47:49;1113;
2019-07-29 23:47:49;1128;
2019-07-29 23:47:49;1129;
2019-07-29 23:47:49;1181;
2019-07-29 23:48:04;1151;
2019-07-29 23:48:09;1170;
2019-07-29 23:48:09;1171;
2019-07-29 23:56:34;2107;
2019-07-30 00:17:03;1160;
2019-07-30 00:17:03;1161;
2019-07-30 00:17:08;1130;
2019-07-30 00:17:11;1131;
2019-07-30 00:19:46;66;
2019-07-30 00:24:20;1161;
2019-07-30 00:24:26;1161;
2019-07-30 00:24:35;1161;
2019-07-30 00:24:51;1161;
2019-07-30 00:25:13;1161;
2019-07-30 00:25:22;1161;
2019-07-30 00:25:32;2129;
2019-07-30 00:26:13;1122;
2019-07-30 00:26:13;1137;
2019-07-30 00:26:13;1187;
2019-07-30 00:26:14;1138;
2019-07-30 00:26:17;1109;
2019-07-30 00:26:17;1113;
2019-07-30 00:26:17;1128;
2019-07-30 00:26:17;1129;
2019-07-30 00:26:17;1181;
2019-07-30 00:26:32;1151;
2019-07-30 00:26:37;1170;
2019-07-30 00:26:37;1171;
2019-07-30 01:43:41;2107;
2019-07-30 02:57:30;66;
2019-07-30 13:30:34;1160;
2019-07-30 13:30:39;1130;
2019-07-30 13:30:41;1161;
2019-07-30 13:30:43;1131;
2019-07-30 13:32:38;1126;
2019-07-30 13:51:33;1126;
2019-07-30 13:52:26;1160;
2019-07-30 13:52:26;1161;
2019-07-30 13:52:31;1130;
2019-07-30 13:52:34;1131;
2019-07-30 14:27:41;66;
2019-07-30 17:05:50;66;
2019-07-30 19:37:20;66;
2019-07-30 21:52:09;66;
2019-07-31 16:06:56;1165;
2019-07-31 16:08:37;1154;
2019-07-31 16:09:25;23;
2019-07-31 16:13:45;1126;
2019-07-31 16:14:00;1160;
2019-07-31 16:14:03;1161;
2019-07-31 16:14:05;1130;
2019-07-31 16:14:08;1131;
2019-07-31 16:22:09;1154;
2019-07-31 16:27:08;1126;
2019-07-31 16:27:22;1160;
2019-07-31 16:27:25;1161;
2019-07-31 16:27:27;1130;
2019-07-31 16:27:30;1131;
2019-07-31 16:27:40;1161;
2019-07-31 16:38:10;13;
2019-07-31 18:19:51;1126;
2019-07-31 18:20:03;1160;
2019-07-31 18:20:03;1161;
2019-07-31 18:20:08;1130;
2019-07-31 18:20:11;1131;
2019-07-31 18:27:59;2154;
2019-08-05 13:46:12;1165;
2019-08-05 13:55:23;2154;
2019-08-05 13:55:40;23;
2019-08-05 13:57:04;23;
2019-08-05 14:03:13;2154;
2019-08-05 19:35:52;13;
2019-08-05 19:42:11;2182;
2019-08-05 19:42:11;77;
2019-08-05 19:47:50;2117;
2019-08-05 19:47:50;2183;
2019-08-05 19:52:28;1116;
2019-08-05 19:52:28;77;
2019-08-05 19:53:40;1117;
2019-08-05 19:53:40;1183;
2019-08-05 20:00:01;2154;
2019-08-06 00:38:22;13;
2019-08-06 00:44:44;2182;
2019-08-06 00:44:44;77;
2019-08-06 00:46:10;1117;
2019-08-06 00:46:10;1183;
2019-08-06 00:46:10;2117;
2019-08-06 00:46:10;2183;
2019-08-06 00:50:33;1182;
2019-08-06 00:50:33;77;
2019-08-06 00:51:55;1117;
2019-08-06 00:51:55;1183;
2019-08-06 00:58:10;2154;
2019-08-06 11:24:03;2116;
2019-08-06 11:24:03;77;
2019-08-06 11:24:03;2182;
2019-08-06 11:29:41;1182;
2019-08-06 11:29:41;77;
2019-08-06 11:29:41;1116;
2019-08-06 11:37:07;2154;
2019-08-06 11:40:02;2154;
2019-08-06 13:56:06;2154;
2019-08-06 13:58:51;72;
2019-08-06 14:07:30;2154;
2019-08-06 19:46:00;1140;
2019-08-06 19:46:00;2140;
2019-08-07 17:53:19;2182;
2019-08-07 17:53:19;77;
2019-08-07 17:53:19;2116;
2019-08-07 17:53:56;1117;
2019-08-07 17:53:56;1183;
2019-08-07 17:53:56;2117;
2019-08-07 17:53:56;2183;
2019-08-07 18:01:10;1182;
2019-08-07 18:01:10;77;
2019-08-07 18:08:29;2154;
2019-08-09 00:36:57;2182;
2019-08-09 00:36:57;77;
2019-08-09 00:43:25;1182;
2019-08-09 00:43:25;77;
2019-08-09 00:43:25;1116;
2019-08-09 00:51:21;2154;
2019-08-09 01:38:52;2154;
2019-08-09 01:49:54;2154;
2019-08-09 04:36:28;1116;
2019-08-09 04:36:28;77;
2019-08-09 04:36:28;1182;
2019-08-09 04:44:46;2154;
2019-08-09 04:50:10;2154;
2019-08-09 04:53:00;2154;
2019-08-09 04:55:52;2154;
2019-08-09 04:58:09;2154;
2019-08-09 05:00:46;2154;
2019-08-09 05:02:13;2154;
2019-08-09 05:05:16;2154;
2019-08-09 05:10:57;13;
2019-08-09 05:20:03;2154;
2019-08-09 05:40:01;13;
2019-08-09 05:54:36;2154;
2019-08-09 05:56:15;2154;
2019-08-12 19:07:44;2182;
2019-08-12 19:07:44;77;
2019-08-12 19:08:29;1117;
2019-08-12 19:08:29;1183;
2019-08-12 19:08:29;2117;
2019-08-12 19:08:29;2183;
2019-08-12 19:14:46;1182;
2019-08-12 19:14:46;77;
2019-08-12 19:27:36;23;
2019-08-12 19:28:13;23;
2019-08-12 19:29:43;23;
2019-08-12 19:30:34;23;
2019-08-12 19:44:24;23;
2019-08-12 19:54:16;17;
2019-08-12 19:54:59;17;
2019-08-12 19:56:19;17;
2019-08-12 19:56:58;17;
2019-08-12 19:58:55;17;
2019-08-12 20:02:56;23;
2019-08-12 20:26:34;23;
2019-08-12 21:10:07;23;
2019-08-12 21:22:25;2116;
2019-08-12 21:22:25;77;
2019-08-12 21:22:25;2182;
2019-08-12 21:23:18;2117;
2019-08-12 21:23:18;2183;
2019-08-12 21:33:05;2117;
2019-08-12 21:33:05;2183;
2019-08-12 21:33:34;2117;
2019-08-12 21:33:34;2183;
2019-08-12 21:41:09;2117;
2019-08-12 21:41:09;2183;
2019-08-12 21:57:52;2117;
2019-08-12 21:57:52;2183;
2019-08-12 22:15:31;2117;
2019-08-12 22:15:31;2183;
2019-08-12 22:18:35;2117;
2019-08-12 22:18:35;2183;
2019-08-12 22:22:41;1182;
2019-08-12 22:22:41;77;
2019-08-12 22:23:52;1117;
2019-08-12 22:23:52;1183;
2019-08-12 22:28:18;2182;
2019-08-12 22:28:18;77;
2019-08-12 22:29:06;2117;
2019-08-12 22:29:06;2183;
2019-08-12 22:35:42;1182;
2019-08-12 22:35:42;77;
2019-08-12 22:43:04;2154;
2019-08-12 22:43:38;23;
2019-08-12 22:52:49;2154;
2019-08-12 22:56:11;2154;
2019-08-13 22:38:47;1118;
2019-08-13 22:38:47;1184;
2019-08-13 22:53:49;1119;
2019-08-13 22:53:49;1185;
2019-08-13 23:23:40;1119;
2019-08-13 23:23:40;1185;
2019-08-14 00:08:06;1119;
2019-08-14 00:08:06;1185;
2019-08-14 08:00:10;2182;
2019-08-14 08:00:10;77;
2019-08-14 08:00:10;2116;
2019-08-14 08:00:36;1117;
2019-08-14 08:00:36;1183;
2019-08-14 08:06:58;1116;
2019-08-14 08:06:58;1182;
2019-08-14 08:06:58;77;
2019-08-14 08:15:14;2182;
2019-08-14 08:15:14;77;
2019-08-14 08:37:47;1165;
2019-08-14 08:45:26;2182;
2019-08-14 08:45:26;77;
2019-08-14 08:46:05;2117;
2019-08-14 08:46:05;2183;
2019-08-14 09:02:14;1152;
2019-08-14 09:11:16;1152;
2019-08-14 11:24:04;2182;
2019-08-14 11:24:04;77;
2019-08-14 11:24:44;2117;
2019-08-14 11:24:44;2183;
2019-08-15 05:59:35;2182;
2019-08-15 05:59:35;77;
2019-08-15 05:59:35;2116;
2019-08-15 06:00:15;2117;
2019-08-15 06:00:15;2183;
2019-08-15 22:51:22;13;
2019-08-15 23:20:06;13;
2019-08-17 13:51:17;40;
2019-08-17 13:53:52;306;
2019-08-17 17:09:15;13;
2019-08-17 18:38:28;13;
2019-08-17 21:28:01;13;
2019-08-19 13:47:49;1122;
2019-08-19 13:47:49;1126;
2019-08-19 13:47:49;1137;
2019-08-19 13:47:49;1187;
2019-08-19 13:47:50;1138;
2019-08-19 13:47:53;1109;
2019-08-19 13:47:53;1113;
2019-08-19 13:47:53;1128;
2019-08-19 13:47:53;1129;
2019-08-19 13:47:53;1181;
2019-08-19 13:48:08;1151;
2019-08-19 13:48:13;1170;
2019-08-19 13:48:13;1171;
2019-08-19 22:26:28;2182;
2019-08-19 22:26:28;77;
2019-08-19 22:27:25;1117;
2019-08-19 22:27:25;1183;
2019-08-19 22:27:25;2117;
2019-08-19 22:27:25;2183;
2019-08-20 00:05:31;2152;
2019-08-20 00:08:00;2152;
2019-08-20 00:44:20;2152;
2019-08-20 16:04:47;2182;
2019-08-20 16:04:47;77;
2019-08-20 16:05:41;1117;
2019-08-20 16:05:41;1183;
2019-08-20 16:05:41;2117;
2019-08-20 16:05:41;2183;
2019-08-24 21:07:40;2183;
2019-08-24 21:07:41;2117;
2019-08-24 21:08:10;23;
2019-08-24 21:08:26;2117;
2019-08-24 21:08:31;2183;
2019-08-24 21:08:55;23;
2019-08-24 21:09:33;2117;
2019-08-24 21:09:45;2117;
2019-08-24 21:09:56;2117;
2019-08-24 21:10:31;2117;
2019-08-24 21:10:44;23;
2019-08-24 21:10:47;2183;
2019-08-24 21:10:54;2117;
2019-08-24 21:12:12;23;
2019-08-24 21:12:37;2117;
2019-08-24 21:12:42;2183;
2019-08-24 21:13:20;23;
2019-08-24 21:13:38;2183;
2019-08-24 21:13:44;2117;
2019-08-24 21:13:49;2183;
2019-08-24 21:13:56;23;
2019-08-24 21:14:40;2117;
2019-08-24 21:14:45;2183;
2019-08-24 21:14:51;2117;
2019-08-24 21:14:55;23;
2019-08-24 21:14:56;2183;
2019-08-24 21:15:50;23;
2019-08-24 21:16:23;2117;
2019-08-24 21:16:43;23;
2019-08-24 21:17:31;23;
2019-08-24 21:19:02;2117;
2019-08-24 21:19:10;23;
2019-08-24 21:19:52;23;
2019-08-24 21:20:43;23;
2019-08-24 21:22:31;23;
2019-08-24 21:23:03;2117;
2019-08-24 21:23:08;2183;
2019-08-24 21:23:14;2117;
2019-08-24 21:23:19;2183;
2019-08-24 21:23:59;23;
2019-08-24 21:24:33;2117;
2019-08-24 21:24:38;2183;
2019-08-24 21:24:44;2117;
2019-08-24 21:25:25;2183;
2019-08-24 21:25:29;2117;
2019-08-26 05:17:28;2182;
2019-08-26 05:17:28;77;
2019-08-26 05:20:08;2117;
2019-08-26 05:20:08;2183;
2019-08-26 05:21:26;2117;
2019-08-26 05:21:26;2183;
2019-08-26 08:30:37;40;
2019-08-26 08:30:50;40;
2019-08-26 08:30:58;40;
2019-08-26 15:10:57;29;
2019-08-26 19:54:52;29;
2019-08-26 22:40:05;40;
2019-08-27 11:17:20;2140;
2019-08-27 12:55:05;29;
