Team Toccata;;;;
PB-01998;;;;
V3.1.17 ;;;;
DateTime;GpsPos;EventNumber;Data;
2019-03-18 07:11:07;N5224.0572E00446.595;650;1693;
2019-03-18 07:11:07;N5224.0572E00446.595;760;90;
2019-03-18 07:11:07;N5224.0572E00446.595;770;99;
2019-03-18 07:12:07;N5224.0571E00446.595;341;3694;
2019-03-18 07:12:07;N5224.0571E00446.595;640;1690;
2019-03-18 07:12:07;N5224.0571E00446.595;650;1663;
2019-03-18 07:12:07;N5224.0571E00446.595;760;89;
2019-03-18 07:12:07;N5224.0571E00446.595;770;99;
2019-03-18 07:13:07;N5224.0571E00446.595;341;3707;
2019-03-18 07:13:07;N5224.0571E00446.595;640;1698;
2019-03-18 07:13:07;N5224.0571E00446.595;650;1673;
2019-03-18 07:13:07;N5224.0571E00446.595;760;88;
2019-03-18 07:13:07;N5224.0571E00446.595;770;98;
2019-03-18 07:14:07;N5224.0572E00446.595;341;3721;
2019-03-18 07:14:07;N5224.0572E00446.595;640;1689;
2019-03-18 07:14:07;N5224.0572E00446.595;650;1671;
2019-03-18 07:14:07;N5224.0572E00446.595;760;87;
2019-03-18 07:14:07;N5224.0572E00446.595;770;98;
2019-03-18 07:15:07;N5224.0572E00446.595;341;3735;
2019-03-18 07:15:07;N5224.0572E00446.595;640;1681;
2019-03-18 07:15:07;N5224.0572E00446.595;650;1653;
2019-03-18 07:15:07;N5224.0572E00446.595;760;87;
2019-03-18 07:15:07;N5224.0572E00446.595;770;97;
2019-03-18 07:16:07;N5224.0570E00446.595;341;3748;
2019-03-18 07:16:07;N5224.0570E00446.595;640;1659;
2019-03-18 07:16:07;N5224.0570E00446.595;650;1657;
2019-03-18 07:16:07;N5224.0570E00446.595;760;86;
2019-03-18 07:16:07;N5224.0570E00446.595;770;97;
2019-03-18 07:17:08;N5224.0572E00446.595;341;3762;
2019-03-18 07:17:08;N5224.0572E00446.595;640;1658;
2019-03-18 07:17:08;N5224.0572E00446.595;650;1653;
2019-03-18 07:17:08;N5224.0572E00446.595;760;86;
2019-03-18 07:17:08;N5224.0572E00446.595;770;96;
2019-03-18 07:18:08;N5224.0574E00446.595;341;3776;
2019-03-18 07:18:08;N5224.0574E00446.595;640;1647;
2019-03-18 07:18:08;N5224.0574E00446.595;650;1642;
2019-03-18 07:18:08;N5224.0574E00446.595;760;85;
2019-03-18 07:18:08;N5224.0574E00446.595;770;96;
2019-03-18 07:19:08;N5224.0577E00446.595;341;3789;
2019-03-18 07:19:08;N5224.0577E00446.595;640;1636;
2019-03-18 07:19:08;N5224.0577E00446.595;650;1640;
2019-03-18 07:19:08;N5224.0577E00446.595;760;85;
2019-03-18 07:19:08;N5224.0577E00446.595;770;96;
2019-03-18 07:20:08;N5224.0575E00446.595;341;3803;
2019-03-18 07:20:08;N5224.0575E00446.595;640;1638;
2019-03-18 07:20:08;N5224.0575E00446.595;650;1643;
2019-03-18 07:20:08;N5224.0575E00446.595;760;85;
2019-03-18 07:20:08;N5224.0575E00446.595;770;96;
2019-03-18 07:21:08;N5224.0576E00446.595;341;3817;
2019-03-18 07:21:08;N5224.0576E00446.595;640;1636;
2019-03-18 07:21:08;N5224.0576E00446.595;650;1626;
2019-03-18 07:21:08;N5224.0576E00446.595;760;85;
2019-03-18 07:21:08;N5224.0576E00446.595;770;95;
2019-03-18 07:22:08;N5224.0579E00446.595;341;3830;
2019-03-18 07:22:08;N5224.0579E00446.595;640;1636;
2019-03-18 07:22:08;N5224.0579E00446.595;650;1624;
2019-03-18 07:22:08;N5224.0579E00446.595;760;84;
2019-03-18 07:22:08;N5224.0579E00446.595;770;95;
2019-03-18 07:23:08;N5224.0596E00446.594;341;3844;
2019-03-18 07:23:08;N5224.0596E00446.594;640;1611;
2019-03-18 07:23:08;N5224.0596E00446.594;650;1627;
2019-03-18 07:23:08;N5224.0596E00446.594;760;84;
2019-03-18 07:23:08;N5224.0596E00446.594;770;95;
2019-03-18 07:24:08;N5224.0593E00446.594;341;3858;
2019-03-18 07:24:08;N5224.0593E00446.594;640;1610;
2019-03-18 07:24:08;N5224.0593E00446.594;650;1621;
2019-03-18 07:24:08;N5224.0593E00446.594;760;84;
2019-03-18 07:24:08;N5224.0593E00446.594;770;95;
2019-03-18 07:25:08;N5224.0588E00446.594;341;3871;
2019-03-18 07:25:08;N5224.0588E00446.594;640;1610;
2019-03-18 07:25:08;N5224.0588E00446.594;650;1621;
2019-03-18 07:25:08;N5224.0588E00446.594;760;84;
2019-03-18 07:25:08;N5224.0588E00446.594;770;95;
2019-03-18 07:26:08;N5224.0572E00446.595;341;3885;
2019-03-18 07:26:08;N5224.0572E00446.595;640;1611;
2019-03-18 07:26:08;N5224.0572E00446.595;650;1622;
2019-03-18 07:26:08;N5224.0572E00446.595;760;84;
2019-03-18 07:26:08;N5224.0572E00446.595;770;95;
2019-03-18 07:27:08;N5224.0572E00446.595;341;3898;
2019-03-18 07:27:08;N5224.0572E00446.595;640;1594;
2019-03-18 07:27:08;N5224.0572E00446.595;650;1599;
2019-03-18 07:27:08;N5224.0572E00446.595;760;85;
2019-03-18 07:27:08;N5224.0572E00446.595;770;95;
2019-03-18 07:28:08;N5224.0573E00446.595;341;3912;
2019-03-18 07:28:08;N5224.0573E00446.595;640;1606;
2019-03-18 07:28:08;N5224.0573E00446.595;650;1613;
2019-03-18 07:28:08;N5224.0573E00446.595;760;84;
2019-03-18 07:28:08;N5224.0573E00446.595;770;95;
2019-03-18 07:29:08;N5224.0571E00446.595;341;3926;
2019-03-18 07:29:08;N5224.0571E00446.595;640;1612;
2019-03-18 07:29:08;N5224.0571E00446.595;650;1618;
2019-03-18 07:29:08;N5224.0571E00446.595;760;84;
2019-03-18 07:29:08;N5224.0571E00446.595;770;95;
2019-03-18 07:30:08;N5224.0573E00446.595;341;3939;
2019-03-18 07:30:08;N5224.0573E00446.595;640;1618;
2019-03-18 07:30:08;N5224.0573E00446.595;650;1626;
2019-03-18 07:30:08;N5224.0573E00446.595;760;84;
2019-03-18 07:30:08;N5224.0573E00446.595;770;95;
2019-03-18 07:31:08;N5224.0575E00446.595;341;3953;
2019-03-18 07:31:08;N5224.0575E00446.595;640;1615;
2019-03-18 07:31:08;N5224.0575E00446.595;650;1620;
2019-03-18 07:31:08;N5224.0575E00446.595;760;84;
2019-03-18 07:31:08;N5224.0575E00446.595;770;95;
2019-03-18 07:32:08;N5224.0575E00446.595;341;3966;
2019-03-18 07:32:08;N5224.0575E00446.595;640;1616;
2019-03-18 07:32:08;N5224.0575E00446.595;650;1609;
2019-03-18 07:32:08;N5224.0575E00446.595;760;84;
2019-03-18 07:32:08;N5224.0575E00446.595;770;95;
2019-03-18 07:33:08;N5224.0577E00446.595;341;3980;
2019-03-18 07:33:08;N5224.0577E00446.595;640;1614;
2019-03-18 07:33:08;N5224.0577E00446.595;650;1616;
2019-03-18 07:33:08;N5224.0577E00446.595;760;84;
2019-03-18 07:33:08;N5224.0577E00446.595;770;95;
2019-03-18 07:34:08;N5224.0577E00446.595;341;3994;
2019-03-18 07:34:08;N5224.0577E00446.595;640;1616;
2019-03-18 07:34:08;N5224.0577E00446.595;650;1613;
2019-03-18 07:34:08;N5224.0577E00446.595;760;84;
2019-03-18 07:34:08;N5224.0577E00446.595;770;95;
2019-03-18 07:35:08;N5224.0576E00446.595;341;4007;
2019-03-18 07:35:08;N5224.0576E00446.595;640;1616;
2019-03-18 07:35:08;N5224.0576E00446.595;650;1611;
2019-03-18 07:35:08;N5224.0576E00446.595;760;84;
2019-03-18 07:35:08;N5224.0576E00446.595;770;95;
2019-03-18 07:36:08;N5224.0576E00446.595;341;4021;
2019-03-18 07:36:08;N5224.0576E00446.595;640;1613;
2019-03-18 07:36:08;N5224.0576E00446.595;650;1610;
2019-03-18 07:36:08;N5224.0576E00446.595;760;84;
2019-03-18 07:36:08;N5224.0576E00446.595;770;95;
2019-03-18 07:37:08;N5224.0577E00446.595;341;4034;
2019-03-18 07:37:08;N5224.0577E00446.595;640;1615;
2019-03-18 07:37:08;N5224.0577E00446.595;650;1607;
2019-03-18 07:37:08;N5224.0577E00446.595;760;84;
2019-03-18 07:37:08;N5224.0577E00446.595;770;95;
2019-03-18 07:38:08;N5224.0578E00446.594;341;4048;
2019-03-18 07:38:08;N5224.0578E00446.594;640;1605;
2019-03-18 07:38:08;N5224.0578E00446.594;650;1616;
2019-03-18 07:38:08;N5224.0578E00446.594;760;84;
2019-03-18 07:38:08;N5224.0578E00446.594;770;95;
2019-03-18 07:39:08;N5224.0579E00446.595;341;4061;
2019-03-18 07:39:08;N5224.0579E00446.595;640;1594;
2019-03-18 07:39:08;N5224.0579E00446.595;650;1587;
2019-03-18 07:39:08;N5224.0579E00446.595;760;84;
2019-03-18 07:39:08;N5224.0579E00446.595;770;95;
2019-03-18 07:40:08;N5224.0575E00446.595;341;4074;
2019-03-18 07:40:08;N5224.0575E00446.595;640;1567;
2019-03-18 07:40:08;N5224.0575E00446.595;650;1545;
2019-03-18 07:40:08;N5224.0575E00446.595;760;85;
2019-03-18 07:40:08;N5224.0575E00446.595;770;95;
2019-03-18 07:41:08;N5224.0574E00446.595;341;4087;
2019-03-18 07:41:08;N5224.0574E00446.595;640;1556;
2019-03-18 07:41:08;N5224.0574E00446.595;650;1550;
2019-03-18 07:41:08;N5224.0574E00446.595;760;85;
2019-03-18 07:41:08;N5224.0574E00446.595;770;96;
2019-03-18 07:42:09;N5224.0571E00446.595;341;4100;
2019-03-18 07:42:09;N5224.0571E00446.595;640;1588;
2019-03-18 07:42:09;N5224.0571E00446.595;650;1578;
2019-03-18 07:42:09;N5224.0571E00446.595;760;86;
2019-03-18 07:42:09;N5224.0571E00446.595;770;97;
2019-03-18 07:43:09;N5224.0572E00446.595;341;4111;
2019-03-18 07:43:09;N5224.0572E00446.595;640;1572;
2019-03-18 07:43:09;N5224.0572E00446.595;650;1574;
2019-03-18 07:43:09;N5224.0572E00446.595;760;86;
2019-03-18 07:43:09;N5224.0572E00446.595;770;97;
2019-03-18 07:44:09;N5224.0572E00446.595;341;4122;
2019-03-18 07:44:09;N5224.0572E00446.595;640;1521;
2019-03-18 07:44:09;N5224.0572E00446.595;650;1536;
2019-03-18 07:44:09;N5224.0572E00446.595;760;87;
2019-03-18 07:44:09;N5224.0572E00446.595;770;98;
2019-03-18 07:45:09;N5224.0573E00446.595;341;4133;
2019-03-18 07:45:09;N5224.0573E00446.595;640;1501;
2019-03-18 07:45:09;N5224.0573E00446.595;650;1516;
2019-03-18 07:45:09;N5224.0573E00446.595;760;88;
2019-03-18 07:45:09;N5224.0573E00446.595;770;99;
2019-03-18 07:46:09;N5224.0574E00446.595;341;4142;
2019-03-18 07:46:09;N5224.0574E00446.595;640;1525;
2019-03-18 07:46:09;N5224.0574E00446.595;650;1529;
2019-03-18 07:46:09;N5224.0574E00446.595;760;90;
2019-03-18 07:46:09;N5224.0574E00446.595;770;100;
2019-03-18 07:47:09;N5224.0574E00446.595;341;4153;
2019-03-18 07:47:09;N5224.0574E00446.595;640;1553;
2019-03-18 07:47:09;N5224.0574E00446.595;650;1540;
2019-03-18 07:47:09;N5224.0574E00446.595;760;91;
2019-03-18 07:47:09;N5224.0574E00446.595;770;100;
2019-03-18 07:48:09;N5224.0575E00446.595;341;4164;
2019-03-18 07:48:09;N5224.0575E00446.595;640;1569;
2019-03-18 07:48:09;N5224.0575E00446.595;650;1545;
2019-03-18 07:48:09;N5224.0575E00446.595;760;91;
2019-03-18 07:48:09;N5224.0575E00446.595;770;100;
2019-03-18 07:49:09;N5224.0574E00446.595;341;4175;
2019-03-18 07:49:09;N5224.0574E00446.595;640;1558;
2019-03-18 07:49:09;N5224.0574E00446.595;650;1538;
2019-03-18 07:49:09;N5224.0574E00446.595;760;92;
2019-03-18 07:49:09;N5224.0574E00446.595;770;100;
2019-03-18 07:50:09;N5224.0575E00446.595;341;4187;
2019-03-18 07:50:09;N5224.0575E00446.595;640;1519;
2019-03-18 07:50:09;N5224.0575E00446.595;650;1484;
2019-03-18 07:50:09;N5224.0575E00446.595;760;93;
2019-03-18 07:50:09;N5224.0575E00446.595;770;100;
2019-03-18 07:51:09;N5224.0571E00446.595;341;4199;
2019-03-18 07:51:09;N5224.0571E00446.595;640;1502;
2019-03-18 07:51:09;N5224.0571E00446.595;650;1453;
2019-03-18 07:51:09;N5224.0571E00446.595;760;94;
2019-03-18 07:51:09;N5224.0571E00446.595;770;100;
2019-03-18 07:52:09;N5224.0580E00446.595;341;4210;
2019-03-18 07:52:09;N5224.0580E00446.595;640;1503;
2019-03-18 07:52:09;N5224.0580E00446.595;650;1437;
2019-03-18 07:52:09;N5224.0580E00446.595;760;96;
2019-03-18 07:52:09;N5224.0580E00446.595;770;100;
2019-03-18 07:53:09;N5224.0608E00446.594;341;4222;
2019-03-18 07:53:09;N5224.0608E00446.594;640;1513;
2019-03-18 07:53:09;N5224.0608E00446.594;650;1421;
2019-03-18 07:53:09;N5224.0608E00446.594;760;97;
2019-03-18 07:53:09;N5224.0608E00446.594;770;100;
2019-03-18 07:54:09;N5224.0594E00446.594;341;4233;
2019-03-18 07:54:09;N5224.0594E00446.594;640;1529;
2019-03-18 07:54:09;N5224.0594E00446.594;650;1418;
2019-03-18 07:54:09;N5224.0594E00446.594;760;98;
2019-03-18 07:54:09;N5224.0594E00446.594;770;100;
2019-03-18 07:55:09;N5224.0589E00446.595;341;4245;
2019-03-18 07:55:09;N5224.0589E00446.595;640;1543;
2019-03-18 07:55:09;N5224.0589E00446.595;650;1416;
2019-03-18 07:55:09;N5224.0589E00446.595;760;99;
2019-03-18 07:55:09;N5224.0589E00446.595;770;100;
2019-03-18 07:56:09;N5224.0587E00446.595;341;4256;
2019-03-18 07:56:09;N5224.0587E00446.595;640;1558;
2019-03-18 07:56:09;N5224.0587E00446.595;650;1419;
2019-03-18 07:56:09;N5224.0587E00446.595;760;100;
2019-03-18 07:56:09;N5224.0587E00446.595;770;100;
2019-03-18 07:57:09;N5224.0584E00446.595;341;4268;
2019-03-18 07:57:09;N5224.0584E00446.595;640;1545;
2019-03-18 07:57:09;N5224.0584E00446.595;650;1401;
2019-03-18 07:57:09;N5224.0584E00446.595;760;100;
2019-03-18 07:57:09;N5224.0584E00446.595;770;100;
2019-03-18 07:58:09;N5224.0582E00446.595;341;4279;
2019-03-18 07:58:09;N5224.0582E00446.595;640;1525;
2019-03-18 07:58:09;N5224.0582E00446.595;650;1399;
2019-03-18 07:58:09;N5224.0582E00446.595;760;100;
2019-03-18 07:58:09;N5224.0582E00446.595;770;100;
2019-03-18 07:59:09;N5224.0580E00446.595;341;4291;
2019-03-18 07:59:09;N5224.0580E00446.595;640;1524;
2019-03-18 07:59:09;N5224.0580E00446.595;650;1391;
2019-03-18 07:59:09;N5224.0580E00446.595;760;100;
2019-03-18 07:59:09;N5224.0580E00446.595;770;100;
2019-03-18 08:00:09;N5224.0580E00446.595;341;4302;
2019-03-18 08:00:09;N5224.0580E00446.595;640;1496;
2019-03-18 08:00:09;N5224.0580E00446.595;650;1375;
2019-03-18 08:00:09;N5224.0580E00446.595;760;100;
2019-03-18 08:00:09;N5224.0580E00446.595;770;100;
2019-03-18 08:01:09;N5224.0580E00446.595;341;4313;
2019-03-18 08:01:09;N5224.0580E00446.595;640;1484;
2019-03-18 08:01:09;N5224.0580E00446.595;650;1368;
2019-03-18 08:01:09;N5224.0580E00446.595;760;100;
2019-03-18 08:01:09;N5224.0580E00446.595;770;100;
2019-03-18 08:02:09;N5224.0579E00446.595;341;4325;
2019-03-18 08:02:09;N5224.0579E00446.595;640;1459;
2019-03-18 08:02:09;N5224.0579E00446.595;650;1354;
2019-03-18 08:02:09;N5224.0579E00446.595;760;100;
2019-03-18 08:02:09;N5224.0579E00446.595;770;100;
2019-03-18 08:03:09;N5224.0580E00446.595;341;4336;
2019-03-18 08:03:09;N5224.0580E00446.595;640;1447;
2019-03-18 08:03:09;N5224.0580E00446.595;650;1345;
2019-03-18 08:03:09;N5224.0580E00446.595;760;100;
2019-03-18 08:03:09;N5224.0580E00446.595;770;100;
2019-03-18 08:04:09;N5224.0580E00446.595;341;4348;
2019-03-18 08:04:09;N5224.0580E00446.595;640;1431;
2019-03-18 08:04:09;N5224.0580E00446.595;650;1333;
2019-03-18 08:04:09;N5224.0580E00446.595;760;100;
2019-03-18 08:04:09;N5224.0580E00446.595;770;100;
2019-03-18 08:05:09;N5224.0577E00446.595;341;4359;
2019-03-18 08:05:09;N5224.0577E00446.595;640;997;
2019-03-18 08:05:09;N5224.0577E00446.595;650;969;
2019-03-18 08:05:09;N5224.0577E00446.595;760;100;
2019-03-18 08:05:09;N5224.0577E00446.595;770;100;
2019-03-18 08:06:09;N5224.0576E00446.595;341;4370;
2019-03-18 08:06:09;N5224.0576E00446.595;640;754;
2019-03-18 08:06:09;N5224.0576E00446.595;650;727;
2019-03-18 08:06:09;N5224.0576E00446.595;760;100;
2019-03-18 08:06:09;N5224.0576E00446.595;770;100;
2019-03-18 08:07:09;N5224.0576E00446.595;341;4381;
2019-03-18 08:07:09;N5224.0576E00446.595;640;654;
2019-03-18 08:07:09;N5224.0576E00446.595;650;679;
2019-03-18 08:07:09;N5224.0576E00446.595;760;100;
2019-03-18 08:07:09;N5224.0576E00446.595;770;100;
2019-03-18 08:08:10;N5224.0576E00446.595;341;4391;
2019-03-18 08:08:10;N5224.0576E00446.595;640;602;
2019-03-18 08:08:10;N5224.0576E00446.595;650;651;
2019-03-18 08:08:10;N5224.0576E00446.595;760;100;
2019-03-18 08:08:10;N5224.0576E00446.595;770;100;
2019-03-18 08:09:10;N5224.0576E00446.595;341;4401;
2019-03-18 08:09:10;N5224.0576E00446.595;640;552;
2019-03-18 08:09:10;N5224.0576E00446.595;650;593;
2019-03-18 08:09:10;N5224.0576E00446.595;760;100;
2019-03-18 08:09:10;N5224.0576E00446.595;770;100;
2019-03-18 08:10:10;N5224.0577E00446.595;341;4410;
2019-03-18 08:10:10;N5224.0577E00446.595;640;564;
2019-03-18 08:10:10;N5224.0577E00446.595;650;597;
2019-03-18 08:10:10;N5224.0577E00446.595;760;100;
2019-03-18 08:10:10;N5224.0577E00446.595;770;100;
2019-03-18 08:11:10;N5224.0577E00446.595;341;4416;
2019-03-18 08:11:10;N5224.0577E00446.595;640;632;
2019-03-18 08:11:10;N5224.0577E00446.595;650;709;
2019-03-18 08:11:10;N5224.0577E00446.595;760;100;
2019-03-18 08:11:10;N5224.0577E00446.595;770;100;
2019-03-18 08:12:10;N5224.0577E00446.595;341;4426;
2019-03-18 08:12:10;N5224.0577E00446.595;640;1034;
2019-03-18 08:12:10;N5224.0577E00446.595;650;985;
2019-03-18 08:12:10;N5224.0577E00446.595;760;100;
2019-03-18 08:12:10;N5224.0577E00446.595;770;100;
2019-03-18 08:13:10;N5224.0578E00446.595;341;4438;
2019-03-18 08:13:10;N5224.0578E00446.595;640;1211;
2019-03-18 08:13:10;N5224.0578E00446.595;650;1120;
2019-03-18 08:13:10;N5224.0578E00446.595;760;100;
2019-03-18 08:13:10;N5224.0578E00446.595;770;100;
2019-03-18 08:14:10;N5224.0577E00446.595;341;4450;
2019-03-18 08:14:10;N5224.0577E00446.595;640;1222;
2019-03-18 08:14:10;N5224.0577E00446.595;650;1137;
2019-03-18 08:14:10;N5224.0577E00446.595;760;100;
2019-03-18 08:14:10;N5224.0577E00446.595;770;100;
2019-03-18 08:15:10;N5224.0575E00446.595;341;4462;
2019-03-18 08:15:10;N5224.0575E00446.595;640;1212;
2019-03-18 08:15:10;N5224.0575E00446.595;650;1132;
2019-03-18 08:15:10;N5224.0575E00446.595;760;100;
2019-03-18 08:15:10;N5224.0575E00446.595;770;100;
2019-03-18 08:16:10;N5224.0574E00446.595;341;4474;
2019-03-18 08:16:10;N5224.0574E00446.595;640;1192;
2019-03-18 08:16:10;N5224.0574E00446.595;650;1125;
2019-03-18 08:16:10;N5224.0574E00446.595;760;100;
2019-03-18 08:16:10;N5224.0574E00446.595;770;100;
2019-03-18 08:17:10;N5224.0575E00446.595;341;4486;
2019-03-18 08:17:10;N5224.0575E00446.595;640;1197;
2019-03-18 08:17:10;N5224.0575E00446.595;650;1129;
2019-03-18 08:17:10;N5224.0575E00446.595;760;100;
2019-03-18 08:17:10;N5224.0575E00446.595;770;100;
2019-03-18 08:18:10;N5224.0575E00446.595;341;4498;
2019-03-18 08:18:10;N5224.0575E00446.595;640;1177;
2019-03-18 08:18:10;N5224.0575E00446.595;650;1124;
2019-03-18 08:18:10;N5224.0575E00446.595;760;100;
2019-03-18 08:18:10;N5224.0575E00446.595;770;100;
2019-03-18 08:19:10;N5224.0574E00446.595;341;4510;
2019-03-18 08:19:10;N5224.0574E00446.595;640;1157;
2019-03-18 08:19:10;N5224.0574E00446.595;650;1102;
2019-03-18 08:19:10;N5224.0574E00446.595;760;100;
2019-03-18 08:19:10;N5224.0574E00446.595;770;100;
2019-03-18 08:20:10;N5224.0573E00446.595;341;4522;
2019-03-18 08:20:10;N5224.0573E00446.595;640;1172;
2019-03-18 08:20:10;N5224.0573E00446.595;650;1123;
2019-03-18 08:20:10;N5224.0573E00446.595;760;100;
2019-03-18 08:20:10;N5224.0573E00446.595;770;100;
2019-03-18 08:21:10;N5224.0572E00446.595;341;4533;
2019-03-18 08:21:10;N5224.0572E00446.595;640;1147;
2019-03-18 08:21:10;N5224.0572E00446.595;650;1106;
2019-03-18 08:21:10;N5224.0572E00446.595;760;100;
2019-03-18 08:21:10;N5224.0572E00446.595;770;100;
2019-03-18 08:22:10;N5224.0572E00446.595;341;4545;
2019-03-18 08:22:10;N5224.0572E00446.595;640;1120;
2019-03-18 08:22:10;N5224.0572E00446.595;650;1115;
2019-03-18 08:22:10;N5224.0572E00446.595;760;100;
2019-03-18 08:22:10;N5224.0572E00446.595;770;100;
2019-03-18 08:23:10;N5224.0573E00446.595;341;4556;
2019-03-18 08:23:10;N5224.0573E00446.595;640;1120;
2019-03-18 08:23:10;N5224.0573E00446.595;650;1096;
2019-03-18 08:23:10;N5224.0573E00446.595;760;100;
2019-03-18 08:23:10;N5224.0573E00446.595;770;100;
2019-03-18 08:24:10;N5224.0574E00446.595;341;4565;
2019-03-18 08:24:10;N5224.0574E00446.595;640;1129;
2019-03-18 08:24:10;N5224.0574E00446.595;650;1095;
2019-03-18 08:24:10;N5224.0574E00446.595;760;100;
2019-03-18 08:24:10;N5224.0574E00446.595;770;100;
2019-03-18 08:25:10;N5224.0576E00446.595;341;4577;
2019-03-18 08:25:10;N5224.0576E00446.595;640;1124;
2019-03-18 08:25:10;N5224.0576E00446.595;650;1101;
2019-03-18 08:25:10;N5224.0576E00446.595;760;100;
2019-03-18 08:25:10;N5224.0576E00446.595;770;100;
2019-03-18 08:26:10;N5224.0576E00446.595;341;4588;
2019-03-18 08:26:10;N5224.0576E00446.595;640;1120;
2019-03-18 08:26:10;N5224.0576E00446.595;650;1094;
2019-03-18 08:26:10;N5224.0576E00446.595;760;100;
2019-03-18 08:26:10;N5224.0576E00446.595;770;100;
2019-03-18 08:27:10;N5224.0576E00446.595;341;4598;
2019-03-18 08:27:10;N5224.0576E00446.595;640;1142;
2019-03-18 08:27:10;N5224.0576E00446.595;650;1103;
2019-03-18 08:27:10;N5224.0576E00446.595;760;100;
2019-03-18 08:27:10;N5224.0576E00446.595;770;100;
2019-03-18 08:28:10;N5224.0576E00446.595;341;4609;
2019-03-18 08:28:10;N5224.0576E00446.595;640;1114;
2019-03-18 08:28:10;N5224.0576E00446.595;650;1137;
2019-03-18 08:28:10;N5224.0576E00446.595;760;100;
2019-03-18 08:28:10;N5224.0576E00446.595;770;100;
2019-03-18 08:29:10;N5224.0573E00446.595;341;4619;
2019-03-18 08:29:10;N5224.0573E00446.595;640;1121;
2019-03-18 08:29:10;N5224.0573E00446.595;650;1135;
2019-03-18 08:29:10;N5224.0573E00446.595;760;100;
2019-03-18 08:29:10;N5224.0573E00446.595;770;100;
2019-03-18 08:30:10;N5224.0574E00446.595;341;4629;
2019-03-18 08:30:10;N5224.0574E00446.595;640;1124;
2019-03-18 08:30:10;N5224.0574E00446.595;650;1147;
2019-03-18 08:30:10;N5224.0574E00446.595;760;100;
2019-03-18 08:30:10;N5224.0574E00446.595;770;100;
2019-03-18 08:31:10;N5224.0574E00446.595;341;4639;
2019-03-18 08:31:10;N5224.0574E00446.595;640;1114;
2019-03-18 08:31:10;N5224.0574E00446.595;650;1172;
2019-03-18 08:31:10;N5224.0574E00446.595;760;100;
2019-03-18 08:31:10;N5224.0574E00446.595;770;100;
2019-03-18 08:32:10;N5224.0574E00446.595;341;4648;
2019-03-18 08:32:10;N5224.0574E00446.595;640;1142;
2019-03-18 08:32:10;N5224.0574E00446.595;650;1159;
2019-03-18 08:32:10;N5224.0574E00446.595;760;100;
2019-03-18 08:32:10;N5224.0574E00446.595;770;100;
2019-03-18 08:33:11;N5224.0574E00446.595;341;4658;
2019-03-18 08:33:11;N5224.0574E00446.595;640;1132;
2019-03-18 08:33:11;N5224.0574E00446.595;650;1153;
2019-03-18 08:33:11;N5224.0574E00446.595;760;100;
2019-03-18 08:33:11;N5224.0574E00446.595;770;100;
2019-03-18 08:34:11;N5224.0574E00446.595;341;4667;
2019-03-18 08:34:11;N5224.0574E00446.595;640;1149;
2019-03-18 08:34:11;N5224.0574E00446.595;650;1182;
2019-03-18 08:34:11;N5224.0574E00446.595;760;100;
2019-03-18 08:34:11;N5224.0574E00446.595;770;100;
2019-03-18 08:35:11;N5224.0574E00446.595;341;4674;
2019-03-18 08:35:11;N5224.0574E00446.595;640;1234;
2019-03-18 08:35:11;N5224.0574E00446.595;650;1380;
2019-03-18 08:35:11;N5224.0574E00446.595;760;100;
2019-03-18 08:35:11;N5224.0574E00446.595;770;100;
2019-03-18 08:36:11;N5224.0575E00446.595;341;4679;
2019-03-18 08:36:11;N5224.0575E00446.595;640;1578;
2019-03-18 08:36:11;N5224.0575E00446.595;650;1526;
2019-03-18 08:36:11;N5224.0575E00446.595;760;100;
2019-03-18 08:36:11;N5224.0575E00446.595;770;100;
2019-03-18 08:37:11;N5224.0578E00446.595;341;4686;
2019-03-18 08:37:11;N5224.0578E00446.595;640;1614;
2019-03-18 08:37:11;N5224.0578E00446.595;650;1449;
2019-03-18 08:37:11;N5224.0578E00446.595;760;100;
2019-03-18 08:37:11;N5224.0578E00446.595;770;100;
2019-03-18 08:38:11;N5224.0578E00446.595;341;4695;
2019-03-18 08:38:11;N5224.0578E00446.595;640;1568;
2019-03-18 08:38:11;N5224.0578E00446.595;650;1420;
2019-03-18 08:38:11;N5224.0578E00446.595;760;100;
2019-03-18 08:38:11;N5224.0578E00446.595;770;100;
2019-03-18 08:39:11;N5224.0577E00446.595;341;4706;
2019-03-18 08:39:11;N5224.0577E00446.595;640;1491;
2019-03-18 08:39:11;N5224.0577E00446.595;650;1339;
2019-03-18 08:39:11;N5224.0577E00446.595;760;100;
2019-03-18 08:39:11;N5224.0577E00446.595;770;100;
2019-03-18 08:40:11;N5224.0577E00446.595;341;4716;
2019-03-18 08:40:11;N5224.0577E00446.595;640;1469;
2019-03-18 08:40:11;N5224.0577E00446.595;650;1328;
2019-03-18 08:40:11;N5224.0577E00446.595;760;100;
2019-03-18 08:40:11;N5224.0577E00446.595;770;100;
2019-03-18 08:41:11;N5224.0577E00446.595;341;4727;
2019-03-18 08:41:11;N5224.0577E00446.595;640;1410;
2019-03-18 08:41:11;N5224.0577E00446.595;650;1283;
2019-03-18 08:41:11;N5224.0577E00446.595;760;100;
2019-03-18 08:41:11;N5224.0577E00446.595;770;100;
2019-03-18 08:42:11;N5224.0575E00446.595;341;4737;
2019-03-18 08:42:11;N5224.0575E00446.595;640;1371;
2019-03-18 08:42:11;N5224.0575E00446.595;650;1261;
2019-03-18 08:42:11;N5224.0575E00446.595;760;100;
2019-03-18 08:42:11;N5224.0575E00446.595;770;100;
2019-03-18 08:43:11;N5224.0576E00446.595;341;4747;
2019-03-18 08:43:11;N5224.0576E00446.595;640;1273;
2019-03-18 08:43:11;N5224.0576E00446.595;650;1186;
2019-03-18 08:43:11;N5224.0576E00446.595;760;100;
2019-03-18 08:43:11;N5224.0576E00446.595;770;100;
2019-03-18 08:44:11;N5224.0577E00446.595;341;4757;
2019-03-18 08:44:11;N5224.0577E00446.595;640;1268;
2019-03-18 08:44:11;N5224.0577E00446.595;650;1190;
2019-03-18 08:44:11;N5224.0577E00446.595;760;100;
2019-03-18 08:44:11;N5224.0577E00446.595;770;100;
2019-03-18 08:45:11;N5224.0577E00446.595;341;4768;
2019-03-18 08:45:11;N5224.0577E00446.595;640;1282;
2019-03-18 08:45:11;N5224.0577E00446.595;650;1206;
2019-03-18 08:45:11;N5224.0577E00446.595;760;100;
2019-03-18 08:45:11;N5224.0577E00446.595;770;100;
2019-03-18 08:46:11;N5224.0577E00446.595;341;4778;
2019-03-18 08:46:11;N5224.0577E00446.595;640;1253;
2019-03-18 08:46:11;N5224.0577E00446.595;650;1177;
2019-03-18 08:46:11;N5224.0577E00446.595;760;100;
2019-03-18 08:46:11;N5224.0577E00446.595;770;100;
2019-03-18 08:47:11;N5224.0577E00446.595;341;4786;
2019-03-18 08:47:11;N5224.0577E00446.595;640;1032;
2019-03-18 08:47:11;N5224.0577E00446.595;650;1094;
2019-03-18 08:47:11;N5224.0577E00446.595;760;100;
2019-03-18 08:47:11;N5224.0577E00446.595;770;100;
2019-03-18 08:48:11;N5224.0577E00446.595;341;4793;
2019-03-18 08:48:11;N5224.0577E00446.595;640;1035;
2019-03-18 08:48:11;N5224.0577E00446.595;650;1134;
2019-03-18 08:48:11;N5224.0577E00446.595;760;100;
2019-03-18 08:48:11;N5224.0577E00446.595;770;100;
2019-03-18 08:48:51;-;290;0;
2019-03-18 08:49:03;N5224.0575E00446.595;165;0;
2019-03-18 08:49:03;-;400;0;
2019-03-18 08:49:11;N5224.0575E00446.595;640;1176;
2019-03-18 08:49:11;N5224.0575E00446.595;650;1218;
2019-03-18 08:49:11;N5224.0575E00446.595;760;100;
2019-03-18 08:49:11;N5224.0575E00446.595;770;100;
2019-03-18 08:49:20;N5224.0575E00446.595;160;0;
2019-03-18 08:49:20;-;380;0;
2019-03-18 08:50:07;-;190;0;
2019-03-18 08:50:07;N5224.0574E00446.595;340;4800;
2019-03-18 09:27:05;-;80;0;
2019-03-18 09:27:05;-;260;0;
2019-03-18 09:27:05;-;370;0;
2019-03-18 09:27:30;N5224.0573E00446.595;150;0;
2019-03-18 09:29:12;-;430;1;
2019-03-18 09:29:13;N5224.0572E00446.595;650;490;
2019-03-18 09:29:13;N5224.0572E00446.595;770;100;
2019-03-18 09:30:13;N5224.0572E00446.595;650;258;
2019-03-18 09:30:13;N5224.0572E00446.595;770;100;
2019-03-18 09:31:13;N5224.0572E00446.595;650;234;
2019-03-18 09:31:13;N5224.0572E00446.595;770;100;
2019-03-18 09:32:13;N5224.0571E00446.595;650;230;
2019-03-18 09:32:13;N5224.0571E00446.595;770;100;
2019-03-18 09:32:41;N5224.0571E00446.595;450;0;
2019-03-18 09:32:41;-;290;0;
2019-03-18 09:33:08;N5224.0571E00446.595;160;0;
2019-03-18 09:33:08;-;380;0;
2019-03-18 09:34:09;-;190;0;
2019-03-18 09:36:43;-;70;1000;
2019-03-18 09:36:58;-;70;1000;
2019-03-18 09:38:33;-;260;0;
2019-03-18 09:38:33;-;370;0;
2019-03-18 09:38:37;N5224.0571E00446.595;150;0;
2019-03-18 09:40:20;-;430;1;
2019-03-18 09:41:13;N5224.0573E00446.595;640;181;
2019-03-18 09:41:13;N5224.0573E00446.595;760;100;
2019-03-18 09:42:13;N5224.0573E00446.595;640;218;
2019-03-18 09:42:13;N5224.0573E00446.595;760;100;
2019-03-18 09:42:56;-;290;0;
2019-03-18 09:43:13;N5224.0574E00446.595;640;238;
2019-03-18 09:43:13;N5224.0574E00446.595;760;100;
2019-03-18 09:43:23;N5224.0574E00446.595;160;0;
2019-03-18 09:43:23;-;380;0;
2019-03-18 09:43:26;-;190;0;
2019-03-18 09:45:23;N5224.0575E00446.595;350;0;
2019-03-18 09:45:48;N5224.0576E00446.595;450;0;
2019-03-18 10:15:14;N5224.0576E00446.595;360;0;
2019-03-18 10:18:57;N5224.0576E00446.595;350;0;
2019-03-18 10:19:22;N5224.0576E00446.595;450;0;
2019-03-18 11:34:02;-;70;1000;
2019-03-18 11:34:35;-;100;0;
2019-03-18 11:35:18;-;190;0;
2019-03-18 11:35:43;N5224.0574E00446.595;450;0;
2019-03-18 17:40:02;N5224.0573E00446.595;360;0;
2019-03-18 17:40:45;-;260;0;
2019-03-18 17:40:45;-;370;0;
2019-03-18 17:42:16;N5224.0572E00446.595;150;0;
2019-03-18 17:43:57;-;430;1;
2019-03-18 17:44:18;-;390;0;
2019-03-18 17:44:32;N5224.0572E00446.595;650;148;
2019-03-18 17:44:32;N5224.0572E00446.595;770;50;
2019-03-18 17:45:29;N5224.0571E00446.595;155;0;
2019-03-18 17:45:32;N5224.0571E00446.595;650;100;
2019-03-18 17:45:32;N5224.0571E00446.595;770;100;
2019-03-18 17:45:43;N5224.0571E00446.595;270;0;
2019-03-18 17:45:43;N5224.0571E00446.595;806;0;
2019-03-18 17:46:32;N5224.0570E00446.595;341;6;
2019-03-18 17:46:32;N5224.0570E00446.595;650;939;
2019-03-18 17:46:32;N5224.0570E00446.595;770;100;
2019-03-18 17:47:33;N5224.0571E00446.595;341;17;
2019-03-18 17:47:33;N5224.0571E00446.595;650;1086;
2019-03-18 17:47:33;N5224.0571E00446.595;770;100;
2019-03-18 17:48:33;N5224.0571E00446.595;341;28;
2019-03-18 17:48:33;N5224.0571E00446.595;650;1056;
2019-03-18 17:48:33;N5224.0571E00446.595;770;100;
2019-03-18 17:49:33;N5224.0571E00446.595;341;42;
2019-03-18 17:49:33;N5224.0571E00446.595;650;1426;
2019-03-18 17:49:33;N5224.0571E00446.595;770;100;
2019-03-18 17:50:33;N5224.0572E00446.595;341;55;
2019-03-18 17:50:33;N5224.0572E00446.595;650;1539;
2019-03-18 17:50:33;N5224.0572E00446.595;770;100;
2019-03-18 17:51:33;N5224.0573E00446.595;341;69;
2019-03-18 17:51:33;N5224.0573E00446.595;650;1562;
2019-03-18 17:51:33;N5224.0573E00446.595;770;100;
2019-03-18 17:52:33;N5224.0575E00446.595;341;83;
2019-03-18 17:52:33;N5224.0575E00446.595;650;1594;
2019-03-18 17:52:33;N5224.0575E00446.595;770;100;
2019-03-18 17:53:33;N5224.0576E00446.595;341;97;
2019-03-18 17:53:33;N5224.0576E00446.595;650;1608;
2019-03-18 17:53:33;N5224.0576E00446.595;770;100;
2019-03-18 17:54:33;N5224.0575E00446.595;341;111;
2019-03-18 17:54:33;N5224.0575E00446.595;650;1611;
2019-03-18 17:54:33;N5224.0575E00446.595;770;100;
2019-03-18 17:55:33;N5224.0575E00446.595;341;126;
2019-03-18 17:55:33;N5224.0575E00446.595;650;1639;
2019-03-18 17:55:33;N5224.0575E00446.595;770;100;
2019-03-18 17:56:33;N5224.0575E00446.595;341;140;
2019-03-18 17:56:33;N5224.0575E00446.595;650;1630;
2019-03-18 17:56:33;N5224.0575E00446.595;770;100;
2019-03-18 17:57:33;N5224.0574E00446.595;341;154;
2019-03-18 17:57:33;N5224.0574E00446.595;650;1623;
2019-03-18 17:57:33;N5224.0574E00446.595;770;99;
2019-03-18 17:58:33;N5224.0575E00446.595;341;168;
2019-03-18 17:58:33;N5224.0575E00446.595;650;1621;
2019-03-18 17:58:33;N5224.0575E00446.595;770;99;
2019-03-18 17:59:33;N5224.0574E00446.595;341;182;
2019-03-18 17:59:33;N5224.0574E00446.595;650;1627;
2019-03-18 17:59:33;N5224.0574E00446.595;770;99;
2019-03-18 18:00:33;N5224.0575E00446.595;341;196;
2019-03-18 18:00:33;N5224.0575E00446.595;650;1633;
2019-03-18 18:00:33;N5224.0575E00446.595;770;99;
2019-03-18 18:01:33;N5224.0574E00446.595;341;210;
2019-03-18 18:01:33;N5224.0574E00446.595;650;1639;
2019-03-18 18:01:33;N5224.0574E00446.595;770;99;
2019-03-18 18:02:33;N5224.0573E00446.595;341;224;
2019-03-18 18:02:33;N5224.0573E00446.595;650;1648;
2019-03-18 18:02:33;N5224.0573E00446.595;770;99;
2019-03-18 18:03:33;N5224.0574E00446.595;341;238;
2019-03-18 18:03:33;N5224.0574E00446.595;650;1639;
2019-03-18 18:03:33;N5224.0574E00446.595;770;98;
2019-03-18 18:04:33;N5224.0573E00446.595;341;250;
2019-03-18 18:04:33;N5224.0573E00446.595;650;1645;
2019-03-18 18:04:33;N5224.0573E00446.595;770;98;
2019-03-18 18:05:33;N5224.0572E00446.594;341;264;
2019-03-18 18:05:33;N5224.0572E00446.594;650;1648;
2019-03-18 18:05:33;N5224.0572E00446.594;770;98;
2019-03-18 18:06:33;N5224.0572E00446.594;341;278;
2019-03-18 18:06:33;N5224.0572E00446.594;650;1637;
2019-03-18 18:06:33;N5224.0572E00446.594;770;97;
2019-03-18 18:07:33;N5224.0572E00446.594;341;291;
2019-03-18 18:07:33;N5224.0572E00446.594;650;1641;
2019-03-18 18:07:33;N5224.0572E00446.594;770;97;
2019-03-18 18:08:33;N5224.0572E00446.594;341;305;
2019-03-18 18:08:33;N5224.0572E00446.594;650;1649;
2019-03-18 18:08:33;N5224.0572E00446.594;770;97;
2019-03-18 18:09:33;N5224.0573E00446.594;341;319;
2019-03-18 18:09:33;N5224.0573E00446.594;650;1642;
2019-03-18 18:09:33;N5224.0573E00446.594;770;96;
2019-03-18 18:10:33;N5224.0572E00446.594;341;333;
2019-03-18 18:10:33;N5224.0572E00446.594;650;1632;
2019-03-18 18:10:33;N5224.0572E00446.594;770;96;
2019-03-18 18:11:33;N5224.0573E00446.594;341;346;
2019-03-18 18:11:33;N5224.0573E00446.594;650;1640;
2019-03-18 18:11:33;N5224.0573E00446.594;770;96;
2019-03-18 18:12:34;N5224.0575E00446.594;341;360;
2019-03-18 18:12:34;N5224.0575E00446.594;650;1641;
2019-03-18 18:12:34;N5224.0575E00446.594;770;96;
2019-03-18 18:13:34;N5224.0575E00446.594;341;374;
2019-03-18 18:13:34;N5224.0575E00446.594;650;1643;
2019-03-18 18:13:34;N5224.0575E00446.594;770;96;
2019-03-18 18:14:34;N5224.0578E00446.594;341;387;
2019-03-18 18:14:34;N5224.0578E00446.594;650;1629;
2019-03-18 18:14:34;N5224.0578E00446.594;770;95;
2019-03-18 18:15:34;N5224.0579E00446.594;341;401;
2019-03-18 18:15:34;N5224.0579E00446.594;650;1628;
2019-03-18 18:15:34;N5224.0579E00446.594;770;95;
2019-03-18 18:16:34;N5224.0577E00446.594;341;414;
2019-03-18 18:16:34;N5224.0577E00446.594;650;1630;
2019-03-18 18:16:34;N5224.0577E00446.594;770;95;
2019-03-18 18:17:34;N5224.0578E00446.594;341;428;
2019-03-18 18:17:34;N5224.0578E00446.594;650;1634;
2019-03-18 18:17:34;N5224.0578E00446.594;770;95;
2019-03-18 18:18:34;N5224.0579E00446.594;341;441;
2019-03-18 18:18:34;N5224.0579E00446.594;650;1634;
2019-03-18 18:18:34;N5224.0579E00446.594;770;95;
2019-03-18 18:19:34;N5224.0576E00446.595;341;454;
2019-03-18 18:19:34;N5224.0576E00446.595;650;1617;
2019-03-18 18:19:34;N5224.0576E00446.595;770;94;
2019-03-18 18:20:34;N5224.0575E00446.595;341;468;
2019-03-18 18:20:34;N5224.0575E00446.595;650;1614;
2019-03-18 18:20:34;N5224.0575E00446.595;770;94;
2019-03-18 18:21:34;N5224.0575E00446.595;341;481;
2019-03-18 18:21:34;N5224.0575E00446.595;650;1613;
2019-03-18 18:21:34;N5224.0575E00446.595;770;94;
2019-03-18 18:22:34;N5224.0577E00446.595;341;494;
2019-03-18 18:22:34;N5224.0577E00446.595;650;1615;
2019-03-18 18:22:34;N5224.0577E00446.595;770;94;
2019-03-18 18:23:34;N5224.0577E00446.595;341;507;
2019-03-18 18:23:34;N5224.0577E00446.595;650;1615;
2019-03-18 18:23:34;N5224.0577E00446.595;770;94;
2019-03-18 18:24:34;N5224.0575E00446.595;341;521;
2019-03-18 18:24:34;N5224.0575E00446.595;650;1616;
2019-03-18 18:24:34;N5224.0575E00446.595;770;94;
2019-03-18 18:25:34;N5224.0575E00446.595;341;534;
2019-03-18 18:25:34;N5224.0575E00446.595;650;1617;
2019-03-18 18:25:34;N5224.0575E00446.595;770;94;
2019-03-18 18:26:34;N5224.0574E00446.595;341;547;
2019-03-18 18:26:34;N5224.0574E00446.595;650;1617;
2019-03-18 18:26:34;N5224.0574E00446.595;770;94;
2019-03-18 18:27:34;N5224.0574E00446.595;341;560;
2019-03-18 18:27:34;N5224.0574E00446.595;650;1621;
2019-03-18 18:27:34;N5224.0574E00446.595;770;94;
2019-03-18 18:28:34;N5224.0575E00446.595;341;573;
2019-03-18 18:28:34;N5224.0575E00446.595;650;1619;
2019-03-18 18:28:34;N5224.0575E00446.595;770;94;
2019-03-18 18:29:34;N5224.0574E00446.594;341;586;
2019-03-18 18:29:34;N5224.0574E00446.594;650;1618;
2019-03-18 18:29:34;N5224.0574E00446.594;770;94;
2019-03-18 18:30:34;N5224.0574E00446.594;341;599;
2019-03-18 18:30:34;N5224.0574E00446.594;650;1617;
2019-03-18 18:30:34;N5224.0574E00446.594;770;94;
2019-03-18 18:31:34;N5224.0575E00446.594;341;612;
2019-03-18 18:31:34;N5224.0575E00446.594;650;1618;
2019-03-18 18:31:34;N5224.0575E00446.594;770;94;
2019-03-18 18:32:34;N5224.0579E00446.594;341;625;
2019-03-18 18:32:34;N5224.0579E00446.594;650;1618;
2019-03-18 18:32:34;N5224.0579E00446.594;770;94;
2019-03-18 18:33:34;N5224.0583E00446.594;341;638;
2019-03-18 18:33:34;N5224.0583E00446.594;650;1619;
2019-03-18 18:33:34;N5224.0583E00446.594;770;94;
2019-03-18 18:34:34;N5224.0575E00446.594;341;650;
2019-03-18 18:34:34;N5224.0575E00446.594;650;1613;
2019-03-18 18:34:34;N5224.0575E00446.594;770;94;
2019-03-18 18:35:34;N5224.0577E00446.594;341;663;
2019-03-18 18:35:34;N5224.0577E00446.594;650;1613;
2019-03-18 18:35:34;N5224.0577E00446.594;770;94;
2019-03-18 18:36:34;N5224.0577E00446.594;341;676;
2019-03-18 18:36:34;N5224.0577E00446.594;650;1614;
2019-03-18 18:36:34;N5224.0577E00446.594;770;94;
2019-03-18 18:37:35;N5224.0578E00446.594;341;689;
2019-03-18 18:37:35;N5224.0578E00446.594;650;1614;
2019-03-18 18:37:35;N5224.0578E00446.594;770;94;
2019-03-18 18:38:35;N5224.0573E00446.595;341;701;
2019-03-18 18:38:35;N5224.0573E00446.595;650;1616;
2019-03-18 18:38:35;N5224.0573E00446.595;770;94;
2019-03-18 18:39:35;N5224.0572E00446.595;341;714;
2019-03-18 18:39:35;N5224.0572E00446.595;650;1611;
2019-03-18 18:39:35;N5224.0572E00446.595;770;94;
2019-03-18 18:40:35;N5224.0572E00446.595;341;726;
2019-03-18 18:40:35;N5224.0572E00446.595;650;1608;
2019-03-18 18:40:35;N5224.0572E00446.595;770;94;
2019-03-18 18:41:35;N5224.0573E00446.595;341;739;
2019-03-18 18:41:35;N5224.0573E00446.595;650;1613;
2019-03-18 18:41:35;N5224.0573E00446.595;770;93;
2019-03-18 18:42:35;N5224.0574E00446.595;341;751;
2019-03-18 18:42:35;N5224.0574E00446.595;650;1605;
2019-03-18 18:42:35;N5224.0574E00446.595;770;93;
2019-03-18 18:43:35;N5224.0574E00446.595;341;762;
2019-03-18 18:43:35;N5224.0574E00446.595;650;1646;
2019-03-18 18:43:35;N5224.0574E00446.595;770;93;
2019-03-18 18:44:35;N5224.0574E00446.595;341;774;
2019-03-18 18:44:35;N5224.0574E00446.595;650;1647;
2019-03-18 18:44:35;N5224.0574E00446.595;770;93;
2019-03-18 18:45:35;N5224.0574E00446.595;341;786;
2019-03-18 18:45:35;N5224.0574E00446.595;650;1650;
2019-03-18 18:45:35;N5224.0574E00446.595;770;93;
2019-03-18 18:46:35;N5224.0576E00446.595;341;798;
2019-03-18 18:46:35;N5224.0576E00446.595;650;1634;
2019-03-18 18:46:35;N5224.0576E00446.595;770;92;
2019-03-18 18:47:35;N5224.0577E00446.595;341;810;
2019-03-18 18:47:35;N5224.0577E00446.595;650;1635;
2019-03-18 18:47:35;N5224.0577E00446.595;770;92;
2019-03-18 18:48:35;N5224.0578E00446.595;341;822;
2019-03-18 18:48:35;N5224.0578E00446.595;650;1635;
2019-03-18 18:48:35;N5224.0578E00446.595;770;92;
2019-03-18 18:49:35;N5224.0576E00446.595;341;834;
2019-03-18 18:49:35;N5224.0576E00446.595;650;1635;
2019-03-18 18:49:35;N5224.0576E00446.595;770;92;
2019-03-18 18:50:35;N5224.0576E00446.595;341;846;
2019-03-18 18:50:35;N5224.0576E00446.595;650;1631;
2019-03-18 18:50:35;N5224.0576E00446.595;770;91;
2019-03-18 18:51:35;N5224.0576E00446.595;341;857;
2019-03-18 18:51:35;N5224.0576E00446.595;650;1617;
2019-03-18 18:51:35;N5224.0576E00446.595;770;91;
2019-03-18 18:52:35;N5224.0573E00446.595;341;869;
2019-03-18 18:52:35;N5224.0573E00446.595;650;1618;
2019-03-18 18:52:35;N5224.0573E00446.595;770;91;
2019-03-18 18:53:35;N5224.0568E00446.595;341;881;
2019-03-18 18:53:35;N5224.0568E00446.595;650;1620;
2019-03-18 18:53:35;N5224.0568E00446.595;770;91;
2019-03-18 18:54:35;N5224.0563E00446.594;341;893;
2019-03-18 18:54:35;N5224.0563E00446.594;650;1620;
2019-03-18 18:54:35;N5224.0563E00446.594;770;91;
2019-03-18 18:55:35;N5224.0567E00446.594;341;904;
2019-03-18 18:55:35;N5224.0567E00446.594;650;1623;
2019-03-18 18:55:35;N5224.0567E00446.594;770;91;
2019-03-18 18:56:35;N5224.0567E00446.594;341;916;
2019-03-18 18:56:35;N5224.0567E00446.594;650;1622;
2019-03-18 18:56:35;N5224.0567E00446.594;770;91;
2019-03-18 18:57:35;N5224.0568E00446.594;341;927;
2019-03-18 18:57:35;N5224.0568E00446.594;650;1624;
2019-03-18 18:57:35;N5224.0568E00446.594;770;91;
2019-03-18 18:58:35;N5224.0570E00446.594;341;939;
2019-03-18 18:58:35;N5224.0570E00446.594;650;1627;
2019-03-18 18:58:35;N5224.0570E00446.594;770;91;
2019-03-18 18:59:35;N5224.0569E00446.594;341;950;
2019-03-18 18:59:35;N5224.0569E00446.594;650;1623;
2019-03-18 18:59:35;N5224.0569E00446.594;770;91;
2019-03-18 19:00:35;N5224.0569E00446.594;341;961;
2019-03-18 19:00:35;N5224.0569E00446.594;650;1606;
2019-03-18 19:00:35;N5224.0569E00446.594;770;90;
2019-03-18 19:01:35;N5224.0573E00446.594;341;972;
2019-03-18 19:01:35;N5224.0573E00446.594;650;1609;
2019-03-18 19:01:35;N5224.0573E00446.594;770;90;
2019-03-18 19:02:36;N5224.0575E00446.595;341;984;
2019-03-18 19:02:36;N5224.0575E00446.595;650;1608;
2019-03-18 19:02:36;N5224.0575E00446.595;770;90;
2019-03-18 19:03:36;N5224.0581E00446.595;341;995;
2019-03-18 19:03:36;N5224.0581E00446.595;650;1607;
2019-03-18 19:03:36;N5224.0581E00446.595;770;90;
2019-03-18 19:04:36;N5224.0582E00446.595;341;1006;
2019-03-18 19:04:36;N5224.0582E00446.595;650;1606;
2019-03-18 19:04:36;N5224.0582E00446.595;770;90;
2019-03-18 19:05:36;N5224.0579E00446.595;341;1017;
2019-03-18 19:05:36;N5224.0579E00446.595;650;1606;
2019-03-18 19:05:36;N5224.0579E00446.595;770;90;
2019-03-18 19:06:36;N5224.0578E00446.595;341;1028;
2019-03-18 19:06:36;N5224.0578E00446.595;650;1606;
2019-03-18 19:06:36;N5224.0578E00446.595;770;90;
2019-03-18 19:07:36;N5224.0578E00446.595;341;1039;
2019-03-18 19:07:36;N5224.0578E00446.595;650;1611;
2019-03-18 19:07:36;N5224.0578E00446.595;770;91;
2019-03-18 19:08:36;N5224.0580E00446.595;341;1050;
2019-03-18 19:08:36;N5224.0580E00446.595;650;1606;
2019-03-18 19:08:36;N5224.0580E00446.595;770;90;
2019-03-18 19:09:36;N5224.0580E00446.595;341;1061;
2019-03-18 19:09:36;N5224.0580E00446.595;650;1612;
2019-03-18 19:09:36;N5224.0580E00446.595;770;91;
2019-03-18 19:10:36;N5224.0579E00446.595;341;1072;
2019-03-18 19:10:36;N5224.0579E00446.595;650;1604;
2019-03-18 19:10:36;N5224.0579E00446.595;770;90;
2019-03-18 19:11:36;N5224.0579E00446.596;341;1082;
2019-03-18 19:11:36;N5224.0579E00446.596;650;1617;
2019-03-18 19:11:36;N5224.0579E00446.596;770;91;
2019-03-18 19:12:36;N5224.0579E00446.596;341;1093;
2019-03-18 19:12:36;N5224.0579E00446.596;650;1603;
2019-03-18 19:12:36;N5224.0579E00446.596;770;90;
2019-03-18 19:13:36;N5224.0579E00446.596;341;1104;
2019-03-18 19:13:36;N5224.0579E00446.596;650;1618;
2019-03-18 19:13:36;N5224.0579E00446.596;770;90;
2019-03-18 19:14:36;N5224.0577E00446.595;341;1114;
2019-03-18 19:14:36;N5224.0577E00446.595;650;1613;
2019-03-18 19:14:36;N5224.0577E00446.595;770;91;
2019-03-18 19:15:36;N5224.0577E00446.595;341;1125;
2019-03-18 19:15:36;N5224.0577E00446.595;650;1613;
2019-03-18 19:15:36;N5224.0577E00446.595;770;91;
2019-03-18 19:16:36;N5224.0577E00446.595;341;1135;
2019-03-18 19:16:36;N5224.0577E00446.595;650;1614;
2019-03-18 19:16:36;N5224.0577E00446.595;770;91;
2019-03-18 19:17:36;N5224.0577E00446.595;341;1146;
2019-03-18 19:17:36;N5224.0577E00446.595;650;1612;
2019-03-18 19:17:36;N5224.0577E00446.595;770;91;
2019-03-18 19:18:36;N5224.0577E00446.595;341;1156;
2019-03-18 19:18:36;N5224.0577E00446.595;650;1615;
2019-03-18 19:18:36;N5224.0577E00446.595;770;91;
2019-03-18 19:19:36;N5224.0579E00446.595;341;1167;
2019-03-18 19:19:36;N5224.0579E00446.595;650;1616;
2019-03-18 19:19:36;N5224.0579E00446.595;770;91;
2019-03-18 19:20:36;N5224.0576E00446.595;341;1177;
2019-03-18 19:20:36;N5224.0576E00446.595;650;1616;
2019-03-18 19:20:36;N5224.0576E00446.595;770;91;
2019-03-18 19:21:36;N5224.0576E00446.595;341;1187;
2019-03-18 19:21:36;N5224.0576E00446.595;650;1615;
2019-03-18 19:21:36;N5224.0576E00446.595;770;91;
2019-03-18 19:22:36;N5224.0573E00446.595;341;1196;
2019-03-18 19:22:36;N5224.0573E00446.595;650;1612;
2019-03-18 19:22:36;N5224.0573E00446.595;770;91;
2019-03-18 19:23:36;N5224.0573E00446.595;341;1206;
2019-03-18 19:23:36;N5224.0573E00446.595;650;1613;
2019-03-18 19:23:36;N5224.0573E00446.595;770;91;
2019-03-18 19:24:36;N5224.0571E00446.595;341;1216;
2019-03-18 19:24:36;N5224.0571E00446.595;650;1613;
2019-03-18 19:24:36;N5224.0571E00446.595;770;91;
2019-03-18 19:25:36;N5224.0573E00446.595;341;1226;
2019-03-18 19:25:36;N5224.0573E00446.595;650;1612;
2019-03-18 19:25:36;N5224.0573E00446.595;770;91;
2019-03-18 19:26:36;N5224.0575E00446.594;341;1236;
2019-03-18 19:26:36;N5224.0575E00446.594;650;1610;
2019-03-18 19:26:36;N5224.0575E00446.594;770;91;
2019-03-18 19:27:37;N5224.0578E00446.595;341;1246;
2019-03-18 19:27:37;N5224.0578E00446.595;650;1607;
2019-03-18 19:27:37;N5224.0578E00446.595;770;91;
2019-03-18 19:28:37;N5224.0577E00446.595;341;1256;
2019-03-18 19:28:37;N5224.0577E00446.595;650;1606;
2019-03-18 19:28:37;N5224.0577E00446.595;770;91;
2019-03-18 19:29:37;N5224.0577E00446.595;341;1266;
2019-03-18 19:29:37;N5224.0577E00446.595;650;1610;
2019-03-18 19:29:37;N5224.0577E00446.595;770;91;
2019-03-18 19:30:37;N5224.0576E00446.595;341;1276;
2019-03-18 19:30:37;N5224.0576E00446.595;650;1607;
2019-03-18 19:30:37;N5224.0576E00446.595;770;91;
2019-03-18 19:31:37;N5224.0577E00446.595;341;1285;
2019-03-18 19:31:37;N5224.0577E00446.595;650;1603;
2019-03-18 19:31:37;N5224.0577E00446.595;770;91;
2019-03-18 19:32:37;N5224.0577E00446.595;341;1295;
2019-03-18 19:32:37;N5224.0577E00446.595;650;1622;
2019-03-18 19:32:37;N5224.0577E00446.595;770;91;
2019-03-18 19:33:37;N5224.0577E00446.595;341;1305;
2019-03-18 19:33:37;N5224.0577E00446.595;650;1609;
2019-03-18 19:33:37;N5224.0577E00446.595;770;91;
2019-03-18 19:34:37;N5224.0575E00446.595;341;1313;
2019-03-18 19:34:37;N5224.0575E00446.595;650;1625;
2019-03-18 19:34:37;N5224.0575E00446.595;770;90;
2019-03-18 19:35:37;N5224.0574E00446.595;341;1322;
2019-03-18 19:35:37;N5224.0574E00446.595;650;1624;
2019-03-18 19:35:37;N5224.0574E00446.595;770;90;
2019-03-18 19:36:37;N5224.0574E00446.595;341;1331;
2019-03-18 19:36:37;N5224.0574E00446.595;650;1560;
2019-03-18 19:36:37;N5224.0574E00446.595;770;91;
2019-03-18 19:37:37;N5224.0574E00446.595;341;1339;
2019-03-18 19:37:37;N5224.0574E00446.595;650;1541;
2019-03-18 19:37:37;N5224.0574E00446.595;770;91;
2019-03-18 19:38:37;N5224.0576E00446.595;341;1348;
2019-03-18 19:38:37;N5224.0576E00446.595;650;1552;
2019-03-18 19:38:37;N5224.0576E00446.595;770;92;
2019-03-18 19:39:37;N5224.0578E00446.595;341;1356;
2019-03-18 19:39:37;N5224.0578E00446.595;650;1567;
2019-03-18 19:39:37;N5224.0578E00446.595;770;93;
2019-03-18 19:40:37;N5224.0578E00446.595;341;1366;
2019-03-18 19:40:37;N5224.0578E00446.595;650;1655;
2019-03-18 19:40:37;N5224.0578E00446.595;770;93;
2019-03-18 19:41:37;N5224.0578E00446.595;341;1375;
2019-03-18 19:41:37;N5224.0578E00446.595;650;1649;
2019-03-18 19:41:37;N5224.0578E00446.595;770;92;
2019-03-18 19:42:37;N5224.0579E00446.595;341;1384;
2019-03-18 19:42:37;N5224.0579E00446.595;650;1642;
2019-03-18 19:42:37;N5224.0579E00446.595;770;92;
2019-03-18 19:43:37;N5224.0580E00446.595;341;1393;
2019-03-18 19:43:37;N5224.0580E00446.595;650;1644;
2019-03-18 19:43:37;N5224.0580E00446.595;770;92;
2019-03-18 19:44:37;N5224.0578E00446.595;341;1402;
2019-03-18 19:44:37;N5224.0578E00446.595;650;1638;
2019-03-18 19:44:37;N5224.0578E00446.595;770;91;
2019-03-18 19:45:37;N5224.0578E00446.595;341;1411;
2019-03-18 19:45:37;N5224.0578E00446.595;650;1630;
2019-03-18 19:45:37;N5224.0578E00446.595;770;91;
2019-03-18 19:46:37;N5224.0575E00446.595;341;1420;
2019-03-18 19:46:37;N5224.0575E00446.595;650;1628;
2019-03-18 19:46:37;N5224.0575E00446.595;770;91;
2019-03-18 19:47:37;N5224.0573E00446.595;341;1429;
2019-03-18 19:47:37;N5224.0573E00446.595;650;1626;
2019-03-18 19:47:37;N5224.0573E00446.595;770;91;
2019-03-18 19:48:37;N5224.0573E00446.595;341;1438;
2019-03-18 19:48:37;N5224.0573E00446.595;650;1632;
2019-03-18 19:48:37;N5224.0573E00446.595;770;91;
2019-03-18 19:49:37;N5224.0573E00446.595;341;1447;
2019-03-18 19:49:37;N5224.0573E00446.595;650;1637;
2019-03-18 19:49:37;N5224.0573E00446.595;770;91;
2019-03-18 19:50:37;N5224.0573E00446.595;341;1456;
2019-03-18 19:50:37;N5224.0573E00446.595;650;1616;
2019-03-18 19:50:37;N5224.0573E00446.595;770;90;
2019-03-18 19:51:37;N5224.0573E00446.595;341;1465;
2019-03-18 19:51:37;N5224.0573E00446.595;650;1619;
2019-03-18 19:51:37;N5224.0573E00446.595;770;90;
2019-03-18 19:52:38;N5224.0572E00446.595;341;1474;
2019-03-18 19:52:38;N5224.0572E00446.595;650;1620;
2019-03-18 19:52:38;N5224.0572E00446.595;770;90;
2019-03-18 19:53:38;N5224.0571E00446.595;341;1483;
2019-03-18 19:53:38;N5224.0571E00446.595;650;1623;
2019-03-18 19:53:38;N5224.0571E00446.595;770;90;
2019-03-18 19:54:38;N5224.0572E00446.595;341;1491;
2019-03-18 19:54:38;N5224.0572E00446.595;650;1624;
2019-03-18 19:54:38;N5224.0572E00446.595;770;90;
2019-03-18 19:55:38;N5224.0572E00446.595;341;1500;
2019-03-18 19:55:38;N5224.0572E00446.595;650;1626;
2019-03-18 19:55:38;N5224.0572E00446.595;770;90;
2019-03-18 19:56:38;N5224.0573E00446.595;341;1507;
2019-03-18 19:56:38;N5224.0573E00446.595;650;1594;
2019-03-18 19:56:38;N5224.0573E00446.595;770;90;
2019-03-18 19:57:38;N5224.0575E00446.595;341;1515;
2019-03-18 19:57:38;N5224.0575E00446.595;650;1553;
2019-03-18 19:57:38;N5224.0575E00446.595;770;91;
2019-03-18 19:58:38;N5224.0574E00446.595;341;1522;
2019-03-18 19:58:38;N5224.0574E00446.595;650;1563;
2019-03-18 19:58:38;N5224.0574E00446.595;770;91;
2019-03-18 19:59:38;N5224.0575E00446.595;341;1529;
2019-03-18 19:59:38;N5224.0575E00446.595;650;1576;
2019-03-18 19:59:38;N5224.0575E00446.595;770;92;
2019-03-18 20:00:38;N5224.0576E00446.595;341;1535;
2019-03-18 20:00:38;N5224.0576E00446.595;650;1578;
2019-03-18 20:00:38;N5224.0576E00446.595;770;92;
2019-03-18 20:01:38;N5224.0576E00446.595;341;1542;
2019-03-18 20:01:38;N5224.0576E00446.595;650;1590;
2019-03-18 20:01:38;N5224.0576E00446.595;770;93;
2019-03-18 20:02:38;N5224.0576E00446.595;341;1549;
2019-03-18 20:02:38;N5224.0576E00446.595;650;1591;
2019-03-18 20:02:38;N5224.0576E00446.595;770;93;
2019-03-18 20:03:38;N5224.0575E00446.595;341;1556;
2019-03-18 20:03:38;N5224.0575E00446.595;650;1586;
2019-03-18 20:03:38;N5224.0575E00446.595;770;93;
2019-03-18 20:04:38;N5224.0575E00446.595;341;1563;
2019-03-18 20:04:38;N5224.0575E00446.595;650;1584;
2019-03-18 20:04:38;N5224.0575E00446.595;770;93;
2019-03-18 20:05:38;N5224.0575E00446.595;341;1570;
2019-03-18 20:05:38;N5224.0575E00446.595;650;1602;
2019-03-18 20:05:38;N5224.0575E00446.595;770;94;
2019-03-18 20:06:38;N5224.0576E00446.595;341;1576;
2019-03-18 20:06:38;N5224.0576E00446.595;650;1595;
2019-03-18 20:06:38;N5224.0576E00446.595;770;94;
2019-03-18 20:07:38;N5224.0576E00446.595;341;1583;
2019-03-18 20:07:38;N5224.0576E00446.595;650;1593;
2019-03-18 20:07:38;N5224.0576E00446.595;770;94;
2019-03-18 20:08:38;N5224.0577E00446.595;341;1589;
2019-03-18 20:08:38;N5224.0577E00446.595;650;1588;
2019-03-18 20:08:38;N5224.0577E00446.595;770;94;
2019-03-18 20:09:38;N5224.0577E00446.595;341;1596;
2019-03-18 20:09:38;N5224.0577E00446.595;650;1598;
2019-03-18 20:09:38;N5224.0577E00446.595;770;95;
2019-03-18 20:10:38;N5224.0577E00446.595;341;1602;
2019-03-18 20:10:38;N5224.0577E00446.595;650;1606;
2019-03-18 20:10:38;N5224.0577E00446.595;770;95;
2019-03-18 20:11:38;N5224.0577E00446.595;341;1608;
2019-03-18 20:11:38;N5224.0577E00446.595;650;1600;
2019-03-18 20:11:38;N5224.0577E00446.595;770;95;
2019-03-18 20:12:38;N5224.0577E00446.595;341;1614;
2019-03-18 20:12:38;N5224.0577E00446.595;650;1598;
2019-03-18 20:12:38;N5224.0577E00446.595;770;95;
2019-03-18 20:13:38;N5224.0576E00446.595;341;1620;
2019-03-18 20:13:38;N5224.0576E00446.595;650;1593;
2019-03-18 20:13:38;N5224.0576E00446.595;770;95;
2019-03-18 20:14:38;N5224.0576E00446.595;341;1626;
2019-03-18 20:14:38;N5224.0576E00446.595;650;1589;
2019-03-18 20:14:38;N5224.0576E00446.595;770;95;
2019-03-18 20:15:38;N5224.0575E00446.595;341;1632;
2019-03-18 20:15:38;N5224.0575E00446.595;650;1595;
2019-03-18 20:15:38;N5224.0575E00446.595;770;96;
2019-03-18 20:16:38;N5224.0575E00446.595;341;1638;
2019-03-18 20:16:38;N5224.0575E00446.595;650;1599;
2019-03-18 20:16:38;N5224.0575E00446.595;770;96;
2019-03-18 20:17:38;N5224.0574E00446.595;341;1644;
2019-03-18 20:17:38;N5224.0574E00446.595;650;1590;
2019-03-18 20:17:38;N5224.0574E00446.595;770;96;
2019-03-18 20:18:39;N5224.0573E00446.595;341;1650;
2019-03-18 20:18:39;N5224.0573E00446.595;650;1586;
2019-03-18 20:18:39;N5224.0573E00446.595;770;96;
2019-03-18 20:19:39;N5224.0572E00446.595;341;1655;
2019-03-18 20:19:39;N5224.0572E00446.595;650;1589;
2019-03-18 20:19:39;N5224.0572E00446.595;770;97;
2019-03-18 20:20:39;N5224.0571E00446.595;341;1661;
2019-03-18 20:20:39;N5224.0571E00446.595;650;1595;
2019-03-18 20:20:39;N5224.0571E00446.595;770;97;
2019-03-18 20:21:39;N5224.0571E00446.595;341;1667;
2019-03-18 20:21:39;N5224.0571E00446.595;650;1592;
2019-03-18 20:21:39;N5224.0571E00446.595;770;97;
2019-03-18 20:22:39;N5224.0573E00446.595;341;1672;
2019-03-18 20:22:39;N5224.0573E00446.595;650;1596;
2019-03-18 20:22:39;N5224.0573E00446.595;770;97;
2019-03-18 20:23:39;N5224.0575E00446.595;341;1678;
2019-03-18 20:23:39;N5224.0575E00446.595;650;1593;
2019-03-18 20:23:39;N5224.0575E00446.595;770;97;
2019-03-18 20:24:39;N5224.0576E00446.595;341;1684;
2019-03-18 20:24:39;N5224.0576E00446.595;650;1603;
2019-03-18 20:24:39;N5224.0576E00446.595;770;98;
2019-03-18 20:25:39;N5224.0576E00446.595;341;1689;
2019-03-18 20:25:39;N5224.0576E00446.595;650;1601;
2019-03-18 20:25:39;N5224.0576E00446.595;770;98;
2019-03-18 20:26:39;N5224.0577E00446.595;341;1695;
2019-03-18 20:26:39;N5224.0577E00446.595;650;1602;
2019-03-18 20:26:39;N5224.0577E00446.595;770;98;
2019-03-18 20:27:39;N5224.0577E00446.595;341;1700;
2019-03-18 20:27:39;N5224.0577E00446.595;650;1601;
2019-03-18 20:27:39;N5224.0577E00446.595;770;98;
2019-03-18 20:28:39;N5224.0576E00446.595;341;1706;
2019-03-18 20:28:39;N5224.0576E00446.595;650;1604;
2019-03-18 20:28:39;N5224.0576E00446.595;770;98;
2019-03-18 20:29:39;N5224.0577E00446.595;341;1711;
2019-03-18 20:29:39;N5224.0577E00446.595;650;1606;
2019-03-18 20:29:39;N5224.0577E00446.595;770;98;
2019-03-18 20:30:39;N5224.0576E00446.595;341;1718;
2019-03-18 20:30:39;N5224.0576E00446.595;650;1611;
2019-03-18 20:30:39;N5224.0576E00446.595;770;98;
2019-03-18 20:31:39;N5224.0576E00446.595;341;1726;
2019-03-18 20:31:39;N5224.0576E00446.595;650;1763;
2019-03-18 20:31:39;N5224.0576E00446.595;770;97;
2019-03-18 20:32:39;N5224.0576E00446.595;341;1733;
2019-03-18 20:32:39;N5224.0576E00446.595;650;1753;
2019-03-18 20:32:39;N5224.0576E00446.595;770;96;
2019-03-18 20:33:39;N5224.0578E00446.595;341;1740;
2019-03-18 20:33:39;N5224.0578E00446.595;650;1732;
2019-03-18 20:33:39;N5224.0578E00446.595;770;94;
2019-03-18 20:34:39;N5224.0578E00446.595;341;1747;
2019-03-18 20:34:39;N5224.0578E00446.595;650;1712;
2019-03-18 20:34:39;N5224.0578E00446.595;770;94;
2019-03-18 20:35:39;N5224.0578E00446.595;341;1754;
2019-03-18 20:35:39;N5224.0578E00446.595;650;1695;
2019-03-18 20:35:39;N5224.0578E00446.595;770;93;
2019-03-18 20:36:39;N5224.0577E00446.595;341;1761;
2019-03-18 20:36:39;N5224.0577E00446.595;650;1678;
2019-03-18 20:36:39;N5224.0577E00446.595;770;92;
2019-03-18 20:37:39;N5224.0577E00446.595;341;1767;
2019-03-18 20:37:39;N5224.0577E00446.595;650;1676;
2019-03-18 20:37:39;N5224.0577E00446.595;770;91;
2019-03-18 20:38:39;N5224.0576E00446.595;341;1774;
2019-03-18 20:38:39;N5224.0576E00446.595;650;1658;
2019-03-18 20:38:39;N5224.0576E00446.595;770;91;
2019-03-18 20:39:39;N5224.0576E00446.595;341;1780;
2019-03-18 20:39:39;N5224.0576E00446.595;650;1662;
2019-03-18 20:39:39;N5224.0576E00446.595;770;91;
2019-03-18 20:40:39;N5224.0576E00446.595;341;1787;
2019-03-18 20:40:39;N5224.0576E00446.595;650;1640;
2019-03-18 20:40:39;N5224.0576E00446.595;770;90;
2019-03-18 20:41:39;N5224.0577E00446.595;341;1794;
2019-03-18 20:41:39;N5224.0577E00446.595;650;1639;
2019-03-18 20:41:39;N5224.0577E00446.595;770;90;
2019-03-18 20:42:39;N5224.0577E00446.595;341;1800;
2019-03-18 20:42:39;N5224.0577E00446.595;650;1637;
2019-03-18 20:42:39;N5224.0577E00446.595;770;90;
2019-03-18 20:43:40;N5224.0576E00446.595;341;1807;
2019-03-18 20:43:40;N5224.0576E00446.595;650;1636;
2019-03-18 20:43:40;N5224.0576E00446.595;770;90;
2019-03-18 20:44:40;N5224.0576E00446.595;341;1814;
2019-03-18 20:44:40;N5224.0576E00446.595;650;1622;
2019-03-18 20:44:40;N5224.0576E00446.595;770;89;
2019-03-18 20:45:40;N5224.0575E00446.595;341;1820;
2019-03-18 20:45:40;N5224.0575E00446.595;650;1621;
2019-03-18 20:45:40;N5224.0575E00446.595;770;89;
2019-03-18 20:46:40;N5224.0576E00446.595;341;1827;
2019-03-18 20:46:40;N5224.0576E00446.595;650;1623;
2019-03-18 20:46:40;N5224.0576E00446.595;770;89;
2019-03-18 20:47:40;N5224.0576E00446.595;341;1833;
2019-03-18 20:47:40;N5224.0576E00446.595;650;1621;
2019-03-18 20:47:40;N5224.0576E00446.595;770;89;
2019-03-18 20:48:40;N5224.0575E00446.595;341;1839;
2019-03-18 20:48:40;N5224.0575E00446.595;650;1584;
2019-03-18 20:48:40;N5224.0575E00446.595;770;89;
2019-03-18 20:49:40;N5224.0574E00446.595;341;1844;
2019-03-18 20:49:40;N5224.0574E00446.595;650;1539;
2019-03-18 20:49:40;N5224.0574E00446.595;770;90;
2019-03-18 20:50:40;N5224.0575E00446.595;341;1849;
2019-03-18 20:50:40;N5224.0575E00446.595;650;1531;
2019-03-18 20:50:40;N5224.0575E00446.595;770;91;
2019-03-18 20:51:40;N5224.0576E00446.595;341;1855;
2019-03-18 20:51:40;N5224.0576E00446.595;650;1542;
2019-03-18 20:51:40;N5224.0576E00446.595;770;92;
2019-03-18 20:52:40;N5224.0576E00446.595;341;1860;
2019-03-18 20:52:40;N5224.0576E00446.595;650;1553;
2019-03-18 20:52:40;N5224.0576E00446.595;770;93;
2019-03-18 20:53:40;N5224.0575E00446.595;341;1865;
2019-03-18 20:53:40;N5224.0575E00446.595;650;1557;
2019-03-18 20:53:40;N5224.0575E00446.595;770;94;
2019-03-18 20:54:40;N5224.0575E00446.595;341;1870;
2019-03-18 20:54:40;N5224.0575E00446.595;650;1558;
2019-03-18 20:54:40;N5224.0575E00446.595;770;94;
2019-03-18 20:55:40;N5224.0576E00446.595;341;1876;
2019-03-18 20:55:40;N5224.0576E00446.595;650;1573;
2019-03-18 20:55:40;N5224.0576E00446.595;770;95;
2019-03-18 20:56:40;N5224.0575E00446.595;341;1881;
2019-03-18 20:56:40;N5224.0575E00446.595;650;1572;
2019-03-18 20:56:40;N5224.0575E00446.595;770;95;
2019-03-18 20:57:40;N5224.0576E00446.595;341;1886;
2019-03-18 20:57:40;N5224.0576E00446.595;650;1590;
2019-03-18 20:57:40;N5224.0576E00446.595;770;96;
2019-03-18 20:58:40;N5224.0577E00446.595;341;1891;
2019-03-18 20:58:40;N5224.0577E00446.595;650;1583;
2019-03-18 20:58:40;N5224.0577E00446.595;770;96;
2019-03-18 20:59:40;N5224.0576E00446.595;341;1897;
2019-03-18 20:59:40;N5224.0576E00446.595;650;1584;
2019-03-18 20:59:40;N5224.0576E00446.595;770;96;
2019-03-18 21:00:40;N5224.0576E00446.595;341;1902;
2019-03-18 21:00:40;N5224.0576E00446.595;650;1595;
2019-03-18 21:00:40;N5224.0576E00446.595;770;97;
2019-03-18 21:01:40;N5224.0575E00446.595;341;1907;
2019-03-18 21:01:40;N5224.0575E00446.595;650;1593;
2019-03-18 21:01:40;N5224.0575E00446.595;770;97;
2019-03-18 21:02:40;N5224.0574E00446.595;341;1912;
2019-03-18 21:02:40;N5224.0574E00446.595;650;1592;
2019-03-18 21:02:40;N5224.0574E00446.595;770;97;
2019-03-18 21:03:40;N5224.0574E00446.595;341;1917;
2019-03-18 21:03:40;N5224.0574E00446.595;650;1591;
2019-03-18 21:03:40;N5224.0574E00446.595;770;97;
2019-03-18 21:04:40;N5224.0573E00446.595;341;1923;
2019-03-18 21:04:40;N5224.0573E00446.595;650;1602;
2019-03-18 21:04:40;N5224.0573E00446.595;770;98;
2019-03-18 21:05:40;N5224.0573E00446.595;341;1928;
2019-03-18 21:05:40;N5224.0573E00446.595;650;1609;
2019-03-18 21:05:40;N5224.0573E00446.595;770;98;
2019-03-18 21:06:40;N5224.0572E00446.595;341;1933;
2019-03-18 21:06:40;N5224.0572E00446.595;650;1607;
2019-03-18 21:06:40;N5224.0572E00446.595;770;98;
2019-03-18 21:07:40;N5224.0573E00446.595;341;1938;
2019-03-18 21:07:40;N5224.0573E00446.595;650;1604;
2019-03-18 21:07:40;N5224.0573E00446.595;770;98;
2019-03-18 21:08:41;N5224.0576E00446.595;341;1943;
2019-03-18 21:08:41;N5224.0576E00446.595;650;1604;
2019-03-18 21:08:41;N5224.0576E00446.595;770;98;
2019-03-18 21:09:41;N5224.0575E00446.595;341;1948;
2019-03-18 21:09:41;N5224.0575E00446.595;650;1601;
2019-03-18 21:09:41;N5224.0575E00446.595;770;98;
2019-03-18 21:10:41;N5224.0574E00446.595;341;1953;
2019-03-18 21:10:41;N5224.0574E00446.595;650;1599;
2019-03-18 21:10:41;N5224.0574E00446.595;770;98;
2019-03-18 21:11:41;N5224.0573E00446.595;341;1958;
2019-03-18 21:11:41;N5224.0573E00446.595;650;1595;
2019-03-18 21:11:41;N5224.0573E00446.595;770;98;
2019-03-18 21:12:41;N5224.0572E00446.595;341;1963;
2019-03-18 21:12:41;N5224.0572E00446.595;650;1593;
2019-03-18 21:12:41;N5224.0572E00446.595;770;98;
2019-03-18 21:13:41;N5224.0571E00446.595;341;1968;
2019-03-18 21:13:41;N5224.0571E00446.595;650;1610;
2019-03-18 21:13:41;N5224.0571E00446.595;770;99;
2019-03-18 21:14:41;N5224.0572E00446.595;341;1973;
2019-03-18 21:14:41;N5224.0572E00446.595;650;1614;
2019-03-18 21:14:41;N5224.0572E00446.595;770;99;
2019-03-18 21:15:41;N5224.0572E00446.595;341;1978;
2019-03-18 21:15:41;N5224.0572E00446.595;650;1618;
2019-03-18 21:15:41;N5224.0572E00446.595;770;98;
2019-03-18 21:16:41;N5224.0574E00446.595;341;1983;
2019-03-18 21:16:41;N5224.0574E00446.595;650;1608;
2019-03-18 21:16:41;N5224.0574E00446.595;770;99;
2019-03-18 21:17:41;N5224.0574E00446.595;341;1988;
2019-03-18 21:17:41;N5224.0574E00446.595;650;1615;
2019-03-18 21:17:41;N5224.0574E00446.595;770;99;
2019-03-18 21:18:41;N5224.0574E00446.595;341;1993;
2019-03-18 21:18:41;N5224.0574E00446.595;650;1610;
2019-03-18 21:18:41;N5224.0574E00446.595;770;99;
2019-03-18 21:19:41;N5224.0573E00446.595;341;1998;
2019-03-18 21:19:41;N5224.0573E00446.595;650;1617;
2019-03-18 21:19:41;N5224.0573E00446.595;770;99;
2019-03-18 21:20:41;N5224.0573E00446.595;341;2003;
2019-03-18 21:20:41;N5224.0573E00446.595;650;1616;
2019-03-18 21:20:41;N5224.0573E00446.595;770;99;
2019-03-18 21:21:41;N5224.0575E00446.595;341;2009;
2019-03-18 21:21:41;N5224.0575E00446.595;650;1637;
2019-03-18 21:21:41;N5224.0575E00446.595;770;98;
2019-03-18 21:22:41;N5224.0576E00446.595;341;2015;
2019-03-18 21:22:41;N5224.0576E00446.595;650;1751;
2019-03-18 21:22:41;N5224.0576E00446.595;770;97;
2019-03-18 21:23:41;N5224.0576E00446.595;341;2021;
2019-03-18 21:23:41;N5224.0576E00446.595;650;1733;
2019-03-18 21:23:41;N5224.0576E00446.595;770;96;
2019-03-18 21:24:41;N5224.0578E00446.595;341;2027;
2019-03-18 21:24:41;N5224.0578E00446.595;650;1717;
2019-03-18 21:24:41;N5224.0578E00446.595;770;95;
2019-03-18 21:25:41;N5224.0578E00446.595;341;2035;
2019-03-18 21:25:41;N5224.0578E00446.595;650;1618;
2019-03-18 21:25:41;N5224.0578E00446.595;770;94;
2019-03-18 21:26:41;N5224.0579E00446.595;341;2043;
2019-03-18 21:26:41;N5224.0579E00446.595;650;1479;
2019-03-18 21:26:41;N5224.0579E00446.595;770;96;
2019-03-18 21:27:41;N5224.0578E00446.595;341;2050;
2019-03-18 21:27:41;N5224.0578E00446.595;650;1518;
2019-03-18 21:27:41;N5224.0578E00446.595;770;98;
2019-03-18 21:28:41;N5224.0578E00446.595;341;2058;
2019-03-18 21:28:41;N5224.0578E00446.595;650;1531;
2019-03-18 21:28:41;N5224.0578E00446.595;770;99;
2019-03-18 21:29:41;N5224.0578E00446.595;341;2065;
2019-03-18 21:29:41;N5224.0578E00446.595;650;1544;
2019-03-18 21:29:41;N5224.0578E00446.595;770;99;
2019-03-18 21:30:41;N5224.0578E00446.595;341;2073;
2019-03-18 21:30:41;N5224.0578E00446.595;650;1558;
2019-03-18 21:30:41;N5224.0578E00446.595;770;100;
2019-03-18 21:31:41;N5224.0578E00446.595;341;2080;
2019-03-18 21:31:41;N5224.0578E00446.595;650;1556;
2019-03-18 21:31:41;N5224.0578E00446.595;770;100;
2019-03-18 21:32:41;N5224.0577E00446.595;341;2087;
2019-03-18 21:32:41;N5224.0577E00446.595;650;1551;
2019-03-18 21:32:41;N5224.0577E00446.595;770;100;
2019-03-18 21:33:42;N5224.0576E00446.595;341;2094;
2019-03-18 21:33:42;N5224.0576E00446.595;650;1546;
2019-03-18 21:33:42;N5224.0576E00446.595;770;100;
2019-03-18 21:34:42;N5224.0575E00446.595;341;2101;
2019-03-18 21:34:42;N5224.0575E00446.595;650;1709;
2019-03-18 21:34:42;N5224.0575E00446.595;770;100;
2019-03-18 21:35:42;N5224.0573E00446.595;341;2107;
2019-03-18 21:35:42;N5224.0573E00446.595;650;1784;
2019-03-18 21:35:42;N5224.0573E00446.595;770;98;
2019-03-18 21:36:42;N5224.0572E00446.595;341;2114;
2019-03-18 21:36:42;N5224.0572E00446.595;650;1761;
2019-03-18 21:36:42;N5224.0572E00446.595;770;97;
2019-03-18 21:37:42;N5224.0573E00446.595;341;2120;
2019-03-18 21:37:42;N5224.0573E00446.595;650;1738;
2019-03-18 21:37:42;N5224.0573E00446.595;770;96;
2019-03-18 21:38:42;N5224.0573E00446.595;341;2126;
2019-03-18 21:38:42;N5224.0573E00446.595;650;1712;
2019-03-18 21:38:42;N5224.0573E00446.595;770;95;
2019-03-18 21:39:42;N5224.0572E00446.595;341;2133;
2019-03-18 21:39:42;N5224.0572E00446.595;650;1684;
2019-03-18 21:39:42;N5224.0572E00446.595;770;94;
2019-03-18 21:40:42;N5224.0572E00446.595;341;2139;
2019-03-18 21:40:42;N5224.0572E00446.595;650;1669;
2019-03-18 21:40:42;N5224.0572E00446.595;770;93;
2019-03-18 21:41:48;N5224.0571E00446.595;341;2145;
2019-03-18 21:41:48;N5224.0571E00446.595;650;1665;
2019-03-18 21:41:48;N5224.0571E00446.595;770;93;
2019-03-18 21:42:48;N5224.0570E00446.595;341;2152;
2019-03-18 21:42:48;N5224.0570E00446.595;650;1641;
2019-03-18 21:42:48;N5224.0570E00446.595;770;92;
2019-03-18 21:43:48;N5224.0568E00446.595;341;2158;
2019-03-18 21:43:48;N5224.0568E00446.595;650;1674;
2019-03-18 21:43:48;N5224.0568E00446.595;770;92;
2019-03-18 21:44:48;N5224.0570E00446.595;341;2164;
2019-03-18 21:44:48;N5224.0570E00446.595;650;1644;
2019-03-18 21:44:48;N5224.0570E00446.595;770;92;
2019-03-18 21:45:48;N5224.0572E00446.595;341;2170;
2019-03-18 21:45:48;N5224.0572E00446.595;650;1624;
2019-03-18 21:45:48;N5224.0572E00446.595;770;91;
2019-03-18 21:46:48;N5224.0573E00446.595;341;2177;
2019-03-18 21:46:48;N5224.0573E00446.595;650;1619;
2019-03-18 21:46:48;N5224.0573E00446.595;770;91;
2019-03-18 21:47:48;N5224.0573E00446.595;341;2183;
2019-03-18 21:47:48;N5224.0573E00446.595;650;1618;
2019-03-18 21:47:48;N5224.0573E00446.595;770;91;
2019-03-18 21:48:48;N5224.0572E00446.595;341;2189;
2019-03-18 21:48:48;N5224.0572E00446.595;650;1614;
2019-03-18 21:48:48;N5224.0572E00446.595;770;91;
2019-03-18 21:49:48;N5224.0571E00446.595;341;2195;
2019-03-18 21:49:48;N5224.0571E00446.595;650;1613;
2019-03-18 21:49:48;N5224.0571E00446.595;770;91;
2019-03-18 21:50:48;N5224.0571E00446.595;341;2201;
2019-03-18 21:50:48;N5224.0571E00446.595;650;1612;
2019-03-18 21:50:48;N5224.0571E00446.595;770;91;
2019-03-18 21:51:48;N5224.0570E00446.594;341;2207;
2019-03-18 21:51:48;N5224.0570E00446.594;650;1609;
2019-03-18 21:51:48;N5224.0570E00446.594;770;91;
2019-03-18 21:52:48;N5224.0572E00446.595;341;2213;
2019-03-18 21:52:48;N5224.0572E00446.595;650;1608;
2019-03-18 21:52:48;N5224.0572E00446.595;770;91;
2019-03-18 21:53:48;N5224.0572E00446.595;341;2220;
2019-03-18 21:53:48;N5224.0572E00446.595;650;1608;
2019-03-18 21:53:48;N5224.0572E00446.595;770;91;
2019-03-18 21:54:48;N5224.0573E00446.595;341;2226;
2019-03-18 21:54:48;N5224.0573E00446.595;650;1605;
2019-03-18 21:54:48;N5224.0573E00446.595;770;91;
2019-03-18 21:55:48;N5224.0573E00446.595;341;2232;
2019-03-18 21:55:48;N5224.0573E00446.595;650;1603;
2019-03-18 21:55:48;N5224.0573E00446.595;770;91;
2019-03-18 21:56:48;N5224.0574E00446.595;341;2237;
2019-03-18 21:56:48;N5224.0574E00446.595;650;1603;
2019-03-18 21:56:48;N5224.0574E00446.595;770;91;
2019-03-18 21:57:48;N5224.0574E00446.595;341;2243;
2019-03-18 21:57:48;N5224.0574E00446.595;650;1600;
2019-03-18 21:57:48;N5224.0574E00446.595;770;91;
2019-03-18 21:58:49;N5224.0573E00446.595;341;2249;
2019-03-18 21:58:49;N5224.0573E00446.595;650;1606;
2019-03-18 21:58:49;N5224.0573E00446.595;770;92;
2019-03-18 21:59:49;N5224.0574E00446.594;341;2254;
2019-03-18 21:59:49;N5224.0574E00446.594;650;1613;
2019-03-18 21:59:49;N5224.0574E00446.594;770;92;
2019-03-18 22:00:49;N5224.0574E00446.594;341;2260;
2019-03-18 22:00:49;N5224.0574E00446.594;650;1612;
2019-03-18 22:00:49;N5224.0574E00446.594;770;92;
2019-03-18 22:01:49;N5224.0575E00446.594;341;2266;
2019-03-18 22:01:49;N5224.0575E00446.594;650;1608;
2019-03-18 22:01:49;N5224.0575E00446.594;770;92;
2019-03-18 22:02:49;N5224.0574E00446.594;341;2272;
2019-03-18 22:02:49;N5224.0574E00446.594;650;1610;
2019-03-18 22:02:49;N5224.0574E00446.594;770;92;
2019-03-18 22:03:49;N5224.0574E00446.595;341;2278;
2019-03-18 22:03:49;N5224.0574E00446.595;650;1607;
2019-03-18 22:03:49;N5224.0574E00446.595;770;92;
2019-03-18 22:04:49;N5224.0572E00446.595;341;2284;
2019-03-18 22:04:49;N5224.0572E00446.595;650;1605;
2019-03-18 22:04:49;N5224.0572E00446.595;770;92;
2019-03-18 22:05:49;N5224.0572E00446.595;341;2290;
2019-03-18 22:05:49;N5224.0572E00446.595;650;1601;
2019-03-18 22:05:49;N5224.0572E00446.595;770;92;
2019-03-18 22:06:49;N5224.0572E00446.594;341;2296;
2019-03-18 22:06:49;N5224.0572E00446.594;650;1602;
2019-03-18 22:06:49;N5224.0572E00446.594;770;92;
2019-03-18 22:07:49;N5224.0573E00446.594;341;2302;
2019-03-18 22:07:49;N5224.0573E00446.594;650;1606;
2019-03-18 22:07:49;N5224.0573E00446.594;770;92;
2019-03-18 22:08:49;N5224.0573E00446.594;341;2308;
2019-03-18 22:08:49;N5224.0573E00446.594;650;1605;
2019-03-18 22:08:49;N5224.0573E00446.594;770;92;
2019-03-18 22:09:49;N5224.0574E00446.594;341;2313;
2019-03-18 22:09:49;N5224.0574E00446.594;650;1607;
2019-03-18 22:09:49;N5224.0574E00446.594;770;92;
2019-03-18 22:10:49;N5224.0573E00446.595;341;2320;
2019-03-18 22:10:49;N5224.0573E00446.595;650;1610;
2019-03-18 22:10:49;N5224.0573E00446.595;770;92;
2019-03-18 22:11:49;N5224.0574E00446.595;341;2330;
2019-03-18 22:11:49;N5224.0574E00446.595;650;1592;
2019-03-18 22:11:49;N5224.0574E00446.595;770;92;
2019-03-18 22:12:49;N5224.0573E00446.595;341;2341;
2019-03-18 22:12:49;N5224.0573E00446.595;650;1591;
2019-03-18 22:12:49;N5224.0573E00446.595;770;92;
2019-03-18 22:13:49;N5224.0572E00446.595;341;2352;
2019-03-18 22:13:49;N5224.0572E00446.595;650;1513;
2019-03-18 22:13:49;N5224.0572E00446.595;770;93;
2019-03-18 22:14:49;N5224.0572E00446.595;341;2364;
2019-03-18 22:14:49;N5224.0572E00446.595;650;1502;
2019-03-18 22:14:49;N5224.0572E00446.595;770;95;
2019-03-18 22:15:49;N5224.0572E00446.595;341;2375;
2019-03-18 22:15:49;N5224.0572E00446.595;650;1556;
2019-03-18 22:15:49;N5224.0572E00446.595;770;96;
2019-03-18 22:16:49;N5224.0573E00446.595;341;2387;
2019-03-18 22:16:49;N5224.0573E00446.595;650;1543;
2019-03-18 22:16:49;N5224.0573E00446.595;770;97;
2019-03-18 22:17:49;N5224.0574E00446.595;341;2400;
2019-03-18 22:17:49;N5224.0574E00446.595;650;1614;
2019-03-18 22:17:49;N5224.0574E00446.595;770;97;
2019-03-18 22:18:49;N5224.0574E00446.595;341;2412;
2019-03-18 22:18:49;N5224.0574E00446.595;650;1713;
2019-03-18 22:18:49;N5224.0574E00446.595;770;97;
2019-03-18 22:19:49;N5224.0572E00446.595;341;2424;
2019-03-18 22:19:49;N5224.0572E00446.595;650;1710;
2019-03-18 22:19:49;N5224.0572E00446.595;770;96;
2019-03-18 22:20:49;N5224.0572E00446.595;341;2436;
2019-03-18 22:20:49;N5224.0572E00446.595;650;1697;
2019-03-18 22:20:49;N5224.0572E00446.595;770;95;
2019-03-18 22:21:49;N5224.0572E00446.595;341;2448;
2019-03-18 22:21:49;N5224.0572E00446.595;650;1681;
2019-03-18 22:21:49;N5224.0572E00446.595;770;94;
2019-03-18 22:22:49;N5224.0573E00446.595;341;2460;
2019-03-18 22:22:49;N5224.0573E00446.595;650;1679;
2019-03-18 22:22:49;N5224.0573E00446.595;770;94;
2019-03-18 22:23:50;N5224.0573E00446.595;341;2472;
2019-03-18 22:23:50;N5224.0573E00446.595;650;1663;
2019-03-18 22:23:50;N5224.0573E00446.595;770;93;
2019-03-18 22:24:50;N5224.0573E00446.595;341;2484;
2019-03-18 22:24:50;N5224.0573E00446.595;650;1665;
2019-03-18 22:24:50;N5224.0573E00446.595;770;93;
2019-03-18 22:25:50;N5224.0573E00446.595;341;2496;
2019-03-18 22:25:50;N5224.0573E00446.595;650;1643;
2019-03-18 22:25:50;N5224.0573E00446.595;770;92;
2019-03-18 22:26:50;N5224.0574E00446.594;341;2508;
2019-03-18 22:26:50;N5224.0574E00446.594;650;1644;
2019-03-18 22:26:50;N5224.0574E00446.594;770;92;
2019-03-18 22:27:50;N5224.0574E00446.594;341;2520;
2019-03-18 22:27:50;N5224.0574E00446.594;650;1629;
2019-03-18 22:27:50;N5224.0574E00446.594;770;92;
2019-03-18 22:28:50;N5224.0574E00446.595;341;2532;
2019-03-18 22:28:50;N5224.0574E00446.595;650;1574;
2019-03-18 22:28:50;N5224.0574E00446.595;770;92;
2019-03-18 22:29:50;N5224.0574E00446.595;341;2544;
2019-03-18 22:29:50;N5224.0574E00446.595;650;1327;
2019-03-18 22:29:50;N5224.0574E00446.595;770;94;
2019-03-18 22:30:50;N5224.0574E00446.595;341;2555;
2019-03-18 22:30:50;N5224.0574E00446.595;650;983;
2019-03-18 22:30:50;N5224.0574E00446.595;770;100;
2019-03-18 22:31:50;N5224.0574E00446.594;341;2563;
2019-03-18 22:31:50;N5224.0574E00446.594;650;963;
2019-03-18 22:31:50;N5224.0574E00446.594;770;100;
2019-03-18 22:32:50;N5224.0575E00446.594;341;2572;
2019-03-18 22:32:50;N5224.0575E00446.594;650;904;
2019-03-18 22:32:50;N5224.0575E00446.594;770;100;
2019-03-18 22:33:50;N5224.0576E00446.594;341;2583;
2019-03-18 22:33:50;N5224.0576E00446.594;650;1267;
2019-03-18 22:33:50;N5224.0576E00446.594;770;100;
2019-03-18 22:34:50;N5224.0576E00446.594;341;2594;
2019-03-18 22:34:50;N5224.0576E00446.594;650;1434;
2019-03-18 22:34:50;N5224.0576E00446.594;770;100;
2019-03-18 22:35:50;N5224.0576E00446.594;341;2604;
2019-03-18 22:35:50;N5224.0576E00446.594;650;1428;
2019-03-18 22:35:50;N5224.0576E00446.594;770;100;
2019-03-18 22:36:50;N5224.0575E00446.594;341;2615;
2019-03-18 22:36:50;N5224.0575E00446.594;650;1457;
2019-03-18 22:36:50;N5224.0575E00446.594;770;100;
2019-03-18 22:37:50;N5224.0574E00446.594;341;2627;
2019-03-18 22:37:50;N5224.0574E00446.594;650;1448;
2019-03-18 22:37:50;N5224.0574E00446.594;770;100;
2019-03-18 22:38:50;N5224.0573E00446.594;341;2638;
2019-03-18 22:38:50;N5224.0573E00446.594;650;1436;
2019-03-18 22:38:50;N5224.0573E00446.594;770;100;
2019-03-18 22:39:50;N5224.0574E00446.595;341;2649;
2019-03-18 22:39:50;N5224.0574E00446.595;650;1432;
2019-03-18 22:39:50;N5224.0574E00446.595;770;100;
2019-03-18 22:40:50;N5224.0574E00446.595;341;2661;
2019-03-18 22:40:50;N5224.0574E00446.595;650;1411;
2019-03-18 22:40:50;N5224.0574E00446.595;770;100;
2019-03-18 22:41:50;N5224.0574E00446.595;341;2672;
2019-03-18 22:41:50;N5224.0574E00446.595;650;1409;
2019-03-18 22:41:50;N5224.0574E00446.595;770;100;
2019-03-18 22:42:50;N5224.0573E00446.595;341;2684;
2019-03-18 22:42:50;N5224.0573E00446.595;650;1393;
2019-03-18 22:42:50;N5224.0573E00446.595;770;100;
2019-03-18 22:43:50;N5224.0573E00446.595;341;2695;
2019-03-18 22:43:50;N5224.0573E00446.595;650;1385;
2019-03-18 22:43:50;N5224.0573E00446.595;770;100;
2019-03-18 22:44:50;N5224.0572E00446.595;341;2706;
2019-03-18 22:44:50;N5224.0572E00446.595;650;1378;
2019-03-18 22:44:50;N5224.0572E00446.595;770;100;
2019-03-18 22:45:50;N5224.0573E00446.595;341;2718;
2019-03-18 22:45:50;N5224.0573E00446.595;650;1376;
2019-03-18 22:45:50;N5224.0573E00446.595;770;100;
2019-03-18 22:46:50;N5224.0573E00446.595;341;2729;
2019-03-18 22:46:50;N5224.0573E00446.595;650;1363;
2019-03-18 22:46:50;N5224.0573E00446.595;770;100;
2019-03-18 22:47:50;N5224.0573E00446.595;341;2740;
2019-03-18 22:47:50;N5224.0573E00446.595;650;1351;
2019-03-18 22:47:50;N5224.0573E00446.595;770;100;
2019-03-18 22:48:51;N5224.0573E00446.595;341;2752;
2019-03-18 22:48:51;N5224.0573E00446.595;650;1342;
2019-03-18 22:48:51;N5224.0573E00446.595;770;100;
2019-03-18 22:49:51;N5224.0574E00446.595;341;2763;
2019-03-18 22:49:51;N5224.0574E00446.595;650;1331;
2019-03-18 22:49:51;N5224.0574E00446.595;770;100;
2019-03-18 22:50:51;N5224.0574E00446.595;341;2774;
2019-03-18 22:50:51;N5224.0574E00446.595;650;1316;
2019-03-18 22:50:51;N5224.0574E00446.595;770;100;
2019-03-18 22:51:51;N5224.0575E00446.595;341;2786;
2019-03-18 22:51:51;N5224.0575E00446.595;650;1313;
2019-03-18 22:51:51;N5224.0575E00446.595;770;100;
2019-03-18 22:52:51;N5224.0575E00446.595;341;2797;
2019-03-18 22:52:51;N5224.0575E00446.595;650;1298;
2019-03-18 22:52:51;N5224.0575E00446.595;770;100;
2019-03-18 22:53:51;N5224.0576E00446.594;341;2808;
2019-03-18 22:53:51;N5224.0576E00446.594;650;1296;
2019-03-18 22:53:51;N5224.0576E00446.594;770;100;
2019-03-18 22:54:51;N5224.0575E00446.594;341;2820;
2019-03-18 22:54:51;N5224.0575E00446.594;650;1290;
2019-03-18 22:54:51;N5224.0575E00446.594;770;100;
2019-03-18 22:55:51;N5224.0575E00446.594;341;2831;
2019-03-18 22:55:51;N5224.0575E00446.594;650;1287;
2019-03-18 22:55:51;N5224.0575E00446.594;770;100;
2019-03-18 22:56:51;N5224.0574E00446.595;341;2842;
2019-03-18 22:56:51;N5224.0574E00446.595;650;1274;
2019-03-18 22:56:51;N5224.0574E00446.595;770;100;
2019-03-18 22:57:51;N5224.0573E00446.595;341;2853;
2019-03-18 22:57:51;N5224.0573E00446.595;650;1274;
2019-03-18 22:57:51;N5224.0573E00446.595;770;100;
2019-03-18 22:58:51;N5224.0573E00446.595;341;2863;
2019-03-18 22:58:51;N5224.0573E00446.595;650;1349;
2019-03-18 22:58:51;N5224.0573E00446.595;770;100;
2019-03-18 22:59:51;N5224.0573E00446.595;341;2871;
2019-03-18 22:59:51;N5224.0573E00446.595;650;1533;
2019-03-18 22:59:51;N5224.0573E00446.595;770;100;
2019-03-18 23:00:51;N5224.0572E00446.595;341;2879;
2019-03-18 23:00:51;N5224.0572E00446.595;650;1568;
2019-03-18 23:00:51;N5224.0572E00446.595;770;100;
2019-03-18 23:01:51;N5224.0572E00446.595;341;2887;
2019-03-18 23:01:51;N5224.0572E00446.595;650;1558;
2019-03-18 23:01:51;N5224.0572E00446.595;770;100;
2019-03-18 23:02:51;N5224.0571E00446.595;341;2895;
2019-03-18 23:02:51;N5224.0571E00446.595;650;1559;
2019-03-18 23:02:51;N5224.0571E00446.595;770;100;
2019-03-18 23:03:51;N5224.0572E00446.595;341;2903;
2019-03-18 23:03:51;N5224.0572E00446.595;650;1555;
2019-03-18 23:03:51;N5224.0572E00446.595;770;100;
2019-03-18 23:04:51;N5224.0573E00446.595;341;2911;
2019-03-18 23:04:51;N5224.0573E00446.595;650;1558;
2019-03-18 23:04:51;N5224.0573E00446.595;770;100;
2019-03-18 23:05:51;N5224.0573E00446.595;341;2919;
2019-03-18 23:05:51;N5224.0573E00446.595;650;1558;
2019-03-18 23:05:51;N5224.0573E00446.595;770;100;
2019-03-18 23:06:51;N5224.0574E00446.595;341;2927;
2019-03-18 23:06:51;N5224.0574E00446.595;650;1551;
2019-03-18 23:06:51;N5224.0574E00446.595;770;100;
2019-03-18 23:07:51;N5224.0573E00446.595;341;2935;
2019-03-18 23:07:51;N5224.0573E00446.595;650;1550;
2019-03-18 23:07:51;N5224.0573E00446.595;770;100;
2019-03-18 23:08:51;N5224.0573E00446.595;341;2943;
2019-03-18 23:08:51;N5224.0573E00446.595;650;1550;
2019-03-18 23:08:51;N5224.0573E00446.595;770;100;
2019-03-18 23:09:51;N5224.0573E00446.595;341;2951;
2019-03-18 23:09:51;N5224.0573E00446.595;650;1621;
2019-03-18 23:09:51;N5224.0573E00446.595;770;100;
2019-03-18 23:10:51;N5224.0573E00446.595;341;2959;
2019-03-18 23:10:51;N5224.0573E00446.595;650;1603;
2019-03-18 23:10:51;N5224.0573E00446.595;770;100;
2019-03-18 23:11:51;N5224.0572E00446.595;341;2967;
2019-03-18 23:11:51;N5224.0572E00446.595;650;1603;
2019-03-18 23:11:51;N5224.0572E00446.595;770;100;
2019-03-18 23:12:51;N5224.0573E00446.595;341;2975;
2019-03-18 23:12:51;N5224.0573E00446.595;650;1597;
2019-03-18 23:12:51;N5224.0573E00446.595;770;100;
2019-03-18 23:13:52;N5224.0572E00446.595;341;2983;
2019-03-18 23:13:52;N5224.0572E00446.595;650;1598;
2019-03-18 23:13:52;N5224.0572E00446.595;770;100;
2019-03-18 23:14:52;N5224.0573E00446.595;341;2989;
2019-03-18 23:14:52;N5224.0573E00446.595;650;1595;
2019-03-18 23:14:52;N5224.0573E00446.595;770;100;
2019-03-18 23:15:52;N5224.0572E00446.595;341;2995;
2019-03-18 23:15:52;N5224.0572E00446.595;650;1570;
2019-03-18 23:15:52;N5224.0572E00446.595;770;100;
2019-03-18 23:16:52;N5224.0572E00446.594;341;3002;
2019-03-18 23:16:52;N5224.0572E00446.594;650;1573;
2019-03-18 23:16:52;N5224.0572E00446.594;770;100;
2019-03-18 23:17:52;N5224.0572E00446.594;341;3008;
2019-03-18 23:17:52;N5224.0572E00446.594;650;1581;
2019-03-18 23:17:52;N5224.0572E00446.594;770;100;
2019-03-18 23:18:52;N5224.0573E00446.594;341;3014;
2019-03-18 23:18:52;N5224.0573E00446.594;650;1596;
2019-03-18 23:18:52;N5224.0573E00446.594;770;100;
2019-03-18 23:19:52;N5224.0572E00446.594;341;3021;
2019-03-18 23:19:52;N5224.0572E00446.594;650;1611;
2019-03-18 23:19:52;N5224.0572E00446.594;770;100;
2019-03-18 23:20:52;N5224.0572E00446.594;341;3029;
2019-03-18 23:20:52;N5224.0572E00446.594;650;1607;
2019-03-18 23:20:52;N5224.0572E00446.594;770;100;
2019-03-18 23:21:52;N5224.0571E00446.595;341;3037;
2019-03-18 23:21:52;N5224.0571E00446.595;650;1596;
2019-03-18 23:21:52;N5224.0571E00446.595;770;100;
2019-03-18 23:22:52;N5224.0571E00446.595;341;3045;
2019-03-18 23:22:52;N5224.0571E00446.595;650;1602;
2019-03-18 23:22:52;N5224.0571E00446.595;770;100;
2019-03-18 23:23:52;N5224.0572E00446.595;341;3052;
2019-03-18 23:23:52;N5224.0572E00446.595;650;1602;
2019-03-18 23:23:52;N5224.0572E00446.595;770;100;
2019-03-18 23:24:52;N5224.0571E00446.595;341;3060;
2019-03-18 23:24:52;N5224.0571E00446.595;650;1601;
2019-03-18 23:24:52;N5224.0571E00446.595;770;100;
2019-03-18 23:25:52;N5224.0572E00446.595;341;3067;
2019-03-18 23:25:52;N5224.0572E00446.595;650;1598;
2019-03-18 23:25:52;N5224.0572E00446.595;770;100;
2019-03-18 23:26:52;N5224.0571E00446.595;341;3073;
2019-03-18 23:26:52;N5224.0571E00446.595;650;1585;
2019-03-18 23:26:52;N5224.0571E00446.595;770;100;
2019-03-18 23:27:52;N5224.0571E00446.595;341;3079;
2019-03-18 23:27:52;N5224.0571E00446.595;650;1597;
2019-03-18 23:27:52;N5224.0571E00446.595;770;100;
2019-03-18 23:28:52;N5224.0571E00446.595;341;3085;
2019-03-18 23:28:52;N5224.0571E00446.595;650;1609;
2019-03-18 23:28:52;N5224.0571E00446.595;770;100;
2019-03-18 23:29:52;N5224.0571E00446.595;341;3092;
2019-03-18 23:29:52;N5224.0571E00446.595;650;1621;
2019-03-18 23:29:52;N5224.0571E00446.595;770;100;
2019-03-18 23:30:52;N5224.0572E00446.595;341;3098;
2019-03-18 23:30:52;N5224.0572E00446.595;650;1629;
2019-03-18 23:30:52;N5224.0572E00446.595;770;100;
2019-03-18 23:31:52;N5224.0573E00446.595;341;3104;
2019-03-18 23:31:52;N5224.0573E00446.595;650;1637;
2019-03-18 23:31:52;N5224.0573E00446.595;770;100;
2019-03-18 23:32:52;N5224.0574E00446.595;341;3110;
2019-03-18 23:32:52;N5224.0574E00446.595;650;1642;
2019-03-18 23:32:52;N5224.0574E00446.595;770;100;
2019-03-18 23:33:52;N5224.0574E00446.595;341;3116;
2019-03-18 23:33:52;N5224.0574E00446.595;650;1647;
2019-03-18 23:33:52;N5224.0574E00446.595;770;100;
2019-03-18 23:34:52;N5224.0575E00446.595;341;3123;
2019-03-18 23:34:52;N5224.0575E00446.595;650;1649;
2019-03-18 23:34:52;N5224.0575E00446.595;770;100;
2019-03-18 23:35:52;N5224.0577E00446.595;341;3129;
2019-03-18 23:35:52;N5224.0577E00446.595;650;1654;
2019-03-18 23:35:52;N5224.0577E00446.595;770;100;
2019-03-18 23:36:52;N5224.0577E00446.595;341;3135;
2019-03-18 23:36:52;N5224.0577E00446.595;650;1658;
2019-03-18 23:36:52;N5224.0577E00446.595;770;100;
2019-03-18 23:37:52;N5224.0578E00446.595;341;3141;
2019-03-18 23:37:52;N5224.0578E00446.595;650;1654;
2019-03-18 23:37:52;N5224.0578E00446.595;770;100;
2019-03-18 23:38:52;N5224.0579E00446.595;341;3148;
2019-03-18 23:38:52;N5224.0579E00446.595;650;1664;
2019-03-18 23:38:52;N5224.0579E00446.595;770;100;
2019-03-18 23:39:53;N5224.0579E00446.595;341;3155;
2019-03-18 23:39:53;N5224.0579E00446.595;650;1629;
2019-03-18 23:39:53;N5224.0579E00446.595;770;100;
2019-03-18 23:40:53;N5224.0579E00446.595;341;3162;
2019-03-18 23:40:53;N5224.0579E00446.595;650;1591;
2019-03-18 23:40:53;N5224.0579E00446.595;770;100;
2019-03-18 23:41:53;N5224.0579E00446.595;341;3170;
2019-03-18 23:41:53;N5224.0579E00446.595;650;1596;
2019-03-18 23:41:53;N5224.0579E00446.595;770;100;
2019-03-18 23:42:53;N5224.0575E00446.595;341;3177;
2019-03-18 23:42:53;N5224.0575E00446.595;650;1596;
2019-03-18 23:42:53;N5224.0575E00446.595;770;100;
2019-03-18 23:43:53;N5224.0576E00446.595;341;3185;
2019-03-18 23:43:53;N5224.0576E00446.595;650;1596;
2019-03-18 23:43:53;N5224.0576E00446.595;770;100;
2019-03-18 23:44:53;N5224.0577E00446.595;341;3192;
2019-03-18 23:44:53;N5224.0577E00446.595;650;1591;
2019-03-18 23:44:53;N5224.0577E00446.595;770;100;
2019-03-18 23:45:53;N5224.0577E00446.595;341;3198;
2019-03-18 23:45:53;N5224.0577E00446.595;650;1589;
2019-03-18 23:45:53;N5224.0577E00446.595;770;100;
2019-03-18 23:46:53;N5224.0576E00446.595;341;3204;
2019-03-18 23:46:53;N5224.0576E00446.595;650;1578;
2019-03-18 23:46:53;N5224.0576E00446.595;770;100;
2019-03-18 23:47:53;N5224.0577E00446.595;341;3211;
2019-03-18 23:47:53;N5224.0577E00446.595;650;1596;
2019-03-18 23:47:53;N5224.0577E00446.595;770;100;
2019-03-18 23:48:53;N5224.0576E00446.595;341;3217;
2019-03-18 23:48:53;N5224.0576E00446.595;650;1609;
2019-03-18 23:48:53;N5224.0576E00446.595;770;100;
2019-03-18 23:49:53;N5224.0577E00446.595;341;3223;
2019-03-18 23:49:53;N5224.0577E00446.595;650;1619;
2019-03-18 23:49:53;N5224.0577E00446.595;770;100;
2019-03-18 23:50:53;N5224.0577E00446.595;341;3229;
2019-03-18 23:50:53;N5224.0577E00446.595;650;1625;
2019-03-18 23:50:53;N5224.0577E00446.595;770;100;
2019-03-18 23:51:53;N5224.0577E00446.595;341;3235;
2019-03-18 23:51:53;N5224.0577E00446.595;650;1628;
2019-03-18 23:51:53;N5224.0577E00446.595;770;100;
2019-03-18 23:52:53;N5224.0576E00446.595;341;3240;
2019-03-18 23:52:53;N5224.0576E00446.595;650;1636;
2019-03-18 23:52:53;N5224.0576E00446.595;770;100;
2019-03-18 23:53:53;N5224.0576E00446.595;341;3246;
2019-03-18 23:53:53;N5224.0576E00446.595;650;1641;
2019-03-18 23:53:53;N5224.0576E00446.595;770;100;
2019-03-18 23:54:53;N5224.0575E00446.595;341;3252;
2019-03-18 23:54:53;N5224.0575E00446.595;650;1645;
2019-03-18 23:54:53;N5224.0575E00446.595;770;100;
2019-03-18 23:55:53;N5224.0577E00446.595;341;3258;
2019-03-18 23:55:53;N5224.0577E00446.595;650;1655;
2019-03-18 23:55:53;N5224.0577E00446.595;770;100;
2019-03-18 23:56:53;N5224.0576E00446.595;341;3265;
2019-03-18 23:56:53;N5224.0576E00446.595;650;1654;
2019-03-18 23:56:53;N5224.0576E00446.595;770;100;
2019-03-18 23:57:53;N5224.0576E00446.595;341;3271;
2019-03-18 23:57:53;N5224.0576E00446.595;650;1655;
2019-03-18 23:57:53;N5224.0576E00446.595;770;100;
2019-03-18 23:58:53;N5224.0577E00446.595;341;3277;
2019-03-18 23:58:53;N5224.0577E00446.595;650;1659;
2019-03-18 23:58:53;N5224.0577E00446.595;770;100;
2019-03-18 23:59:53;N5224.0577E00446.595;341;3283;
2019-03-18 23:59:53;N5224.0577E00446.595;650;1660;
2019-03-18 23:59:53;N5224.0577E00446.595;770;100;
2019-03-19 00:00:53;N5224.0577E00446.595;341;3289;
2019-03-19 00:00:53;N5224.0577E00446.595;650;1665;
2019-03-19 00:00:53;N5224.0577E00446.595;770;100;
2019-03-19 00:01:53;N5224.0577E00446.595;341;3295;
2019-03-19 00:01:53;N5224.0577E00446.595;650;1668;
2019-03-19 00:01:53;N5224.0577E00446.595;770;100;
2019-03-19 00:02:53;N5224.0577E00446.595;341;3301;
2019-03-19 00:02:53;N5224.0577E00446.595;650;1681;
2019-03-19 00:02:53;N5224.0577E00446.595;770;100;
2019-03-19 00:03:53;N5224.0575E00446.595;341;3308;
2019-03-19 00:03:53;N5224.0575E00446.595;650;1604;
2019-03-19 00:03:53;N5224.0575E00446.595;770;100;
2019-03-19 00:04:54;N5224.0575E00446.595;341;3315;
2019-03-19 00:04:54;N5224.0575E00446.595;650;1596;
2019-03-19 00:04:54;N5224.0575E00446.595;770;100;
2019-03-19 00:05:54;N5224.0574E00446.595;341;3321;
2019-03-19 00:05:54;N5224.0574E00446.595;650;1593;
2019-03-19 00:05:54;N5224.0574E00446.595;770;100;
2019-03-19 00:06:54;N5224.0573E00446.595;341;3327;
2019-03-19 00:06:54;N5224.0573E00446.595;650;1630;
2019-03-19 00:06:54;N5224.0573E00446.595;770;100;
2019-03-19 00:07:54;N5224.0572E00446.595;341;3333;
2019-03-19 00:07:54;N5224.0572E00446.595;650;1652;
2019-03-19 00:07:54;N5224.0572E00446.595;770;100;
2019-03-19 00:08:54;N5224.0573E00446.595;341;3339;
2019-03-19 00:08:54;N5224.0573E00446.595;650;1622;
2019-03-19 00:08:54;N5224.0573E00446.595;770;100;
2019-03-19 00:09:54;N5224.0575E00446.595;341;3345;
2019-03-19 00:09:54;N5224.0575E00446.595;650;1607;
2019-03-19 00:09:54;N5224.0575E00446.595;770;100;
2019-03-19 00:10:54;N5224.0574E00446.595;341;3352;
2019-03-19 00:10:54;N5224.0574E00446.595;650;1599;
2019-03-19 00:10:54;N5224.0574E00446.595;770;100;
2019-03-19 00:11:54;N5224.0574E00446.595;341;3358;
2019-03-19 00:11:54;N5224.0574E00446.595;650;1598;
2019-03-19 00:11:54;N5224.0574E00446.595;770;100;
2019-03-19 00:12:54;N5224.0573E00446.595;341;3365;
2019-03-19 00:12:54;N5224.0573E00446.595;650;1604;
2019-03-19 00:12:54;N5224.0573E00446.595;770;100;
2019-03-19 00:13:54;N5224.0571E00446.595;341;3371;
2019-03-19 00:13:54;N5224.0571E00446.595;650;1578;
2019-03-19 00:13:54;N5224.0571E00446.595;770;100;
2019-03-19 00:14:54;N5224.0572E00446.595;341;3377;
2019-03-19 00:14:54;N5224.0572E00446.595;650;1549;
2019-03-19 00:14:54;N5224.0572E00446.595;770;100;
2019-03-19 00:15:54;N5224.0572E00446.595;341;3383;
2019-03-19 00:15:54;N5224.0572E00446.595;650;1558;
2019-03-19 00:15:54;N5224.0572E00446.595;770;100;
2019-03-19 00:16:54;N5224.0573E00446.595;341;3389;
2019-03-19 00:16:54;N5224.0573E00446.595;650;1564;
2019-03-19 00:16:54;N5224.0573E00446.595;770;100;
2019-03-19 00:17:54;N5224.0572E00446.595;341;3394;
2019-03-19 00:17:54;N5224.0572E00446.595;650;1530;
2019-03-19 00:17:54;N5224.0572E00446.595;770;100;
2019-03-19 00:18:54;N5224.0571E00446.595;341;3399;
2019-03-19 00:18:54;N5224.0571E00446.595;650;1438;
2019-03-19 00:18:54;N5224.0571E00446.595;770;100;
2019-03-19 00:19:54;N5224.0572E00446.595;341;3403;
2019-03-19 00:19:54;N5224.0572E00446.595;650;1453;
2019-03-19 00:19:54;N5224.0572E00446.595;770;100;
2019-03-19 00:20:54;N5224.0573E00446.595;341;3408;
2019-03-19 00:20:54;N5224.0573E00446.595;650;1429;
2019-03-19 00:20:54;N5224.0573E00446.595;770;100;
2019-03-19 00:21:54;N5224.0573E00446.595;341;3413;
2019-03-19 00:21:54;N5224.0573E00446.595;650;1406;
2019-03-19 00:21:54;N5224.0573E00446.595;770;100;
2019-03-19 00:22:54;N5224.0573E00446.595;341;3418;
2019-03-19 00:22:54;N5224.0573E00446.595;650;1408;
2019-03-19 00:22:54;N5224.0573E00446.595;770;100;
2019-03-19 00:23:54;N5224.0574E00446.595;341;3422;
2019-03-19 00:23:54;N5224.0574E00446.595;650;1414;
2019-03-19 00:23:54;N5224.0574E00446.595;770;100;
2019-03-19 00:24:54;N5224.0573E00446.595;341;3427;
2019-03-19 00:24:54;N5224.0573E00446.595;650;1408;
2019-03-19 00:24:54;N5224.0573E00446.595;770;100;
2019-03-19 00:25:54;N5224.0573E00446.595;341;3432;
2019-03-19 00:25:54;N5224.0573E00446.595;650;1402;
2019-03-19 00:25:54;N5224.0573E00446.595;770;100;
2019-03-19 00:26:54;N5224.0573E00446.595;341;3436;
2019-03-19 00:26:54;N5224.0573E00446.595;650;1415;
2019-03-19 00:26:54;N5224.0573E00446.595;770;100;
2019-03-19 00:27:54;N5224.0573E00446.595;341;3441;
2019-03-19 00:27:54;N5224.0573E00446.595;650;1412;
2019-03-19 00:27:54;N5224.0573E00446.595;770;100;
2019-03-19 00:28:54;N5224.0574E00446.595;341;3447;
2019-03-19 00:28:54;N5224.0574E00446.595;650;1350;
2019-03-19 00:28:54;N5224.0574E00446.595;770;100;
2019-03-19 00:29:55;N5224.0573E00446.595;341;3452;
2019-03-19 00:29:55;N5224.0573E00446.595;650;1513;
2019-03-19 00:29:55;N5224.0573E00446.595;770;100;
2019-03-19 00:30:55;N5224.0572E00446.595;341;3458;
2019-03-19 00:30:55;N5224.0572E00446.595;650;1664;
2019-03-19 00:30:55;N5224.0572E00446.595;770;100;
2019-03-19 00:31:55;N5224.0571E00446.595;341;3463;
2019-03-19 00:31:55;N5224.0571E00446.595;650;1689;
2019-03-19 00:31:55;N5224.0571E00446.595;770;100;
2019-03-19 00:32:55;N5224.0572E00446.595;341;3469;
2019-03-19 00:32:55;N5224.0572E00446.595;650;1691;
2019-03-19 00:32:55;N5224.0572E00446.595;770;100;
2019-03-19 00:33:55;N5224.0572E00446.594;341;3474;
2019-03-19 00:33:55;N5224.0572E00446.594;650;1690;
2019-03-19 00:33:55;N5224.0572E00446.594;770;100;
2019-03-19 00:34:55;N5224.0573E00446.594;341;3480;
2019-03-19 00:34:55;N5224.0573E00446.594;650;1686;
2019-03-19 00:34:55;N5224.0573E00446.594;770;100;
2019-03-19 00:35:55;N5224.0572E00446.594;341;3486;
2019-03-19 00:35:55;N5224.0572E00446.594;650;1684;
2019-03-19 00:35:55;N5224.0572E00446.594;770;100;
2019-03-19 00:36:55;N5224.0571E00446.594;341;3491;
2019-03-19 00:36:55;N5224.0571E00446.594;650;1682;
2019-03-19 00:36:55;N5224.0571E00446.594;770;100;
2019-03-19 00:37:29;-;290;0;
2019-03-19 00:37:41;N5224.0573E00446.594;165;0;
2019-03-19 00:37:41;-;400;0;
2019-03-19 00:37:58;N5224.0571E00446.595;160;0;
2019-03-19 00:37:58;-;380;0;
2019-03-19 00:38:01;-;190;0;
2019-03-19 00:38:01;N5224.0571E00446.595;340;3497;
2019-03-19 02:55:43;-;260;0;
2019-03-19 02:55:43;-;370;0;
2019-03-19 02:55:47;N5224.0573E00446.595;150;0;
2019-03-19 02:58:32;-;430;1;
2019-03-19 02:58:42;-;390;0;
2019-03-19 02:58:51;N5224.0575E00446.595;155;0;
2019-03-19 02:59:00;N5224.0575E00446.595;650;318;
2019-03-19 02:59:00;N5224.0575E00446.595;770;100;
2019-03-19 02:59:44;N5224.0577E00446.595;270;0;
2019-03-19 02:59:44;N5224.0577E00446.595;806;0;
2019-03-19 03:00:00;N5224.0577E00446.595;341;1;
2019-03-19 03:00:00;N5224.0577E00446.595;650;643;
2019-03-19 03:00:00;N5224.0577E00446.595;770;100;
2019-03-19 03:00:17;N5224.0577E00446.595;450;0;
2019-03-19 03:00:17;-;290;0;
2019-03-19 03:00:29;N5224.0577E00446.595;165;0;
2019-03-19 03:00:29;-;400;0;
2019-03-19 03:00:45;N5224.0578E00446.595;160;0;
2019-03-19 03:00:45;-;380;0;
2019-03-19 03:00:47;-;190;0;
2019-03-19 03:00:47;N5224.0578E00446.595;340;1;
2019-03-19 03:08:54;N5224.0574E00446.595;810;0;
2019-03-19 03:08:54;N5224.0574E00446.595;812;0;
2019-03-19 03:51:07;-;260;0;
2019-03-19 03:51:07;-;370;0;
2019-03-19 03:51:11;N5224.0576E00446.595;150;0;
2019-03-19 03:53:26;-;430;1;
2019-03-19 03:53:38;-;390;0;
2019-03-19 03:53:45;N5224.0576E00446.595;155;0;
2019-03-19 03:53:59;N5224.0576E00446.595;270;0;
2019-03-19 03:53:59;N5224.0576E00446.595;806;0;
2019-03-19 03:54:03;N5224.0576E00446.595;341;0;
2019-03-19 03:54:03;N5224.0576E00446.595;650;399;
2019-03-19 03:54:03;N5224.0576E00446.595;770;100;
2019-03-19 03:55:03;N5224.0574E00446.595;341;7;
2019-03-19 03:55:03;N5224.0574E00446.595;650;1597;
2019-03-19 03:55:03;N5224.0574E00446.595;770;100;
2019-03-19 03:56:03;N5224.0573E00446.595;341;15;
2019-03-19 03:56:03;N5224.0573E00446.595;650;1579;
2019-03-19 03:56:03;N5224.0573E00446.595;770;100;
2019-03-19 03:57:03;N5224.0572E00446.595;341;23;
2019-03-19 03:57:03;N5224.0572E00446.595;650;1642;
2019-03-19 03:57:03;N5224.0572E00446.595;770;100;
2019-03-19 03:58:03;N5224.0572E00446.595;341;31;
2019-03-19 03:58:03;N5224.0572E00446.595;650;1613;
2019-03-19 03:58:03;N5224.0572E00446.595;770;100;
2019-03-19 03:59:03;N5224.0571E00446.596;341;39;
2019-03-19 03:59:03;N5224.0571E00446.596;650;1606;
2019-03-19 03:59:03;N5224.0571E00446.596;770;100;
2019-03-19 04:00:03;N5224.0571E00446.595;341;47;
2019-03-19 04:00:03;N5224.0571E00446.595;650;1582;
2019-03-19 04:00:03;N5224.0571E00446.595;770;100;
2019-03-19 04:01:03;N5224.0579E00446.595;341;55;
2019-03-19 04:01:03;N5224.0579E00446.595;650;1565;
2019-03-19 04:01:03;N5224.0579E00446.595;770;100;
2019-03-19 04:02:03;N5224.0576E00446.595;341;63;
2019-03-19 04:02:03;N5224.0576E00446.595;650;1553;
2019-03-19 04:02:03;N5224.0576E00446.595;770;100;
2019-03-19 04:03:03;N5224.0575E00446.595;341;71;
2019-03-19 04:03:03;N5224.0575E00446.595;650;1543;
2019-03-19 04:03:03;N5224.0575E00446.595;770;100;
2019-03-19 04:04:03;N5224.0573E00446.595;341;79;
2019-03-19 04:04:03;N5224.0573E00446.595;650;1540;
2019-03-19 04:04:03;N5224.0573E00446.595;770;100;
2019-03-19 04:05:03;N5224.0573E00446.595;341;87;
2019-03-19 04:05:03;N5224.0573E00446.595;650;1540;
2019-03-19 04:05:03;N5224.0573E00446.595;770;100;
2019-03-19 04:06:03;N5224.0573E00446.595;341;95;
2019-03-19 04:06:03;N5224.0573E00446.595;650;1538;
2019-03-19 04:06:03;N5224.0573E00446.595;770;100;
2019-03-19 04:07:03;N5224.0576E00446.595;341;103;
2019-03-19 04:07:03;N5224.0576E00446.595;650;1537;
2019-03-19 04:07:03;N5224.0576E00446.595;770;100;
2019-03-19 04:08:03;N5224.0576E00446.595;341;111;
2019-03-19 04:08:03;N5224.0576E00446.595;650;1538;
2019-03-19 04:08:03;N5224.0576E00446.595;770;100;
2019-03-19 04:08:38;N5224.0575E00446.595;450;0;
2019-03-19 04:08:38;-;290;0;
2019-03-19 04:08:50;N5224.0575E00446.595;165;0;
2019-03-19 04:08:50;-;400;0;
2019-03-19 04:09:53;N5224.0575E00446.595;160;0;
2019-03-19 04:09:53;-;380;0;
2019-03-19 04:10:53;-;190;0;
2019-03-19 04:10:53;N5224.0574E00446.595;340;118;
2019-03-19 04:19:40;-;260;0;
2019-03-19 04:19:40;-;370;0;
2019-03-19 04:19:46;N5224.0575E00446.595;150;0;
2019-03-19 04:20:31;N5224.0575E00446.595;450;0;
2019-03-19 04:20:31;-;290;0;
2019-03-19 04:20:42;N5224.0575E00446.595;160;0;
2019-03-19 04:20:42;-;380;0;
2019-03-19 04:21:12;-;190;0;
2019-03-19 06:06:39;N5224.0573E00446.594;350;0;
2019-03-19 06:07:04;N5224.0573E00446.594;450;0;
2019-03-19 07:42:39;-;100;0;
2019-03-19 07:42:42;-;190;0;
2019-03-19 12:10:59;-;100;0;
2019-03-19 12:45:01;-;190;0;
2019-03-19 12:45:02;-;100;0;
2019-03-19 13:09:52;-;190;0;
2019-03-19 13:10:17;N5224.0574E00446.595;450;0;
2019-03-20 16:21:12;-;100;0;
2019-03-20 16:21:18;-;190;0;
2019-03-21 17:48:10;N5224.0575E00446.595;460;0;
2019-03-21 17:59:11;N5224.0574E00446.594;470;0;
2019-03-21 21:26:29;N5224.0572E00446.595;460;0;
2019-03-21 21:27:17;N5224.0571E00446.595;470;0;
2019-03-22 05:46:13;N5224.0574E00446.595;460;0;
2019-03-22 05:58:39;N5224.0575E00446.595;470;0;
2019-03-22 17:59:18;N5224.8224E00444.997;460;0;
2019-03-22 18:00:11;N5224.8224E00444.997;470;0;
2019-03-22 18:00:35;N5224.8224E00444.997;460;0;
2019-03-22 18:03:13;N5224.8221E00444.997;470;0;
2019-03-22 21:13:37;N5224.8224E00444.997;460;0;
2019-03-22 21:14:12;N5224.8224E00444.997;470;0;
2019-03-22 21:14:43;N5224.8223E00444.997;460;0;
2019-03-22 21:19:08;N5224.8219E00444.997;470;0;
2019-03-22 23:29:56;N5224.8224E00444.997;460;0;
2019-03-22 23:30:55;N5224.8225E00444.997;470;0;
2019-03-22 23:45:55;N5224.8220E00444.997;460;0;
2019-03-22 23:46:11;N5224.8220E00444.997;470;0;
2019-03-22 23:57:50;N5224.8220E00444.997;460;0;
2019-03-22 23:58:03;N5224.8221E00444.997;470;0;
2019-03-23 00:08:36;N5224.8220E00444.997;460;0;
2019-03-23 00:09:26;N5224.8220E00444.997;470;0;
2019-03-23 00:25:47;N5224.8219E00444.997;460;0;
2019-03-23 00:26:25;N5224.8221E00444.997;470;0;
2019-03-23 00:43:58;N5224.8220E00444.996;460;0;
2019-03-23 00:44:26;N5224.8220E00444.996;470;0;
2019-03-23 00:56:50;N5224.8218E00444.997;460;0;
2019-03-23 00:57:01;N5224.8218E00444.997;470;0;
2019-03-23 01:00:39;N5224.8220E00444.997;460;0;
2019-03-23 01:01:27;N5224.8221E00444.997;470;0;
2019-03-23 01:11:42;N5224.8220E00444.997;460;0;
2019-03-23 01:11:48;N5224.8220E00444.997;470;0;
2019-03-23 01:16:32;N5224.8223E00444.997;460;0;
2019-03-23 01:17:22;N5224.8223E00444.997;470;0;
2019-03-23 01:28:30;N5224.8219E00444.997;460;0;
2019-03-23 01:28:51;N5224.8219E00444.997;470;0;
2019-03-23 01:38:25;N5224.8221E00444.997;460;0;
2019-03-23 01:38:46;N5224.8221E00444.997;470;0;
2019-03-23 01:48:43;N5224.8224E00444.997;460;0;
2019-03-23 01:48:59;N5224.8224E00444.997;470;0;
2019-03-23 02:00:41;N5224.8220E00444.997;460;0;
2019-03-23 02:00:50;N5224.8220E00444.997;470;0;
2019-03-23 02:09:50;N5224.8221E00444.997;460;0;
2019-03-23 02:10:12;N5224.8221E00444.997;470;0;
2019-03-23 02:21:07;N5224.8218E00444.997;460;0;
2019-03-23 02:21:35;N5224.8218E00444.997;470;0;
2019-03-23 02:35:23;N5224.8222E00444.998;460;0;
2019-03-23 02:36:30;N5224.8223E00444.998;470;0;
2019-03-23 02:36:52;N5224.8224E00444.997;460;0;
2019-03-23 02:37:19;N5224.8224E00444.997;470;0;
2019-03-23 02:52:35;N5224.8223E00444.997;460;0;
2019-03-23 02:52:42;N5224.8223E00444.997;470;0;
2019-03-23 03:08:37;N5224.8219E00444.997;460;0;
2019-03-23 03:08:43;N5224.8219E00444.997;470;0;
2019-03-23 03:35:20;N5224.8222E00444.997;460;0;
2019-03-23 03:35:52;N5224.8222E00444.998;470;0;
2019-03-23 03:39:19;N5224.8224E00444.998;460;0;
2019-03-23 03:39:20;N5224.8224E00444.997;470;0;
2019-03-23 04:22:23;N5224.8227E00444.997;460;0;
2019-03-23 04:24:34;N5224.8228E00444.997;470;0;
2019-03-23 05:06:54;N5224.8221E00444.997;460;0;
2019-03-23 05:08:20;N5224.8220E00444.997;470;0;
2019-03-23 05:14:47;N5224.8220E00444.997;460;0;
2019-03-23 05:29:57;N5224.8221E00444.997;470;0;
2019-03-26 14:54:08;N5015.9891W00126.872;460;0;
2019-03-26 14:54:42;N5015.9598W00127.030;470;0;
2019-03-29 16:39:44;N4509.9191W02036.344;460;0;
2019-03-29 16:42:41;N4509.7186W02037.018;470;0;
2019-04-01 09:18:04;N4031.9343W03525.224;460;0;
2019-04-01 09:53:11;N4029.0340W03534.174;470;0;
2019-04-05 21:12:03;-;100;0;
2019-04-05 21:21:06;N3247.6846W05803.089;450;0;
2019-04-05 21:24:34;-;190;0;
2019-04-05 21:24:59;N3247.4092W05803.864;450;0;
2019-04-06 14:40:20;N3130.2227W06137.424;360;0;
2019-04-06 14:41:56;N3130.1062W06137.740;350;0;
2019-04-06 14:42:21;N3130.0767W06137.822;450;0;
2099-08-29 15:58:09;N2057.0573W09712.745;360;0;
2099-08-29 16:01:33;-;100;0;
2099-08-29 16:01:39;-;190;0;
